CHECK_NUMBER,Description,,,,,,,,,,,,,,,,
1,"Description:
The ""root"" account has unrestricted access to all resources in the AWS account. It is highly recommended that the use of this account be avoided.
Rationale:
The ""root"" account is the most privileged AWS account. Minimizing the use of this account and adopting the principle of least privilege for access management will reduce the risk of accidental changes and unintended disclosure of highly privileged credentials.",,,,,,,,,,,,,,,,
2,"Description:
Multi-Factor Authentication (MFA) adds an extra layer of protection on top of a user name and password. With MFA enabled, when a user signs in to an AWS website, they will be prompted for their user name and password as well as for an authentication code from their AWS MFA device. It is recommended that MFA be enabled for all accounts that have a console password.
Rationale:
Enabling MFA provides increased security for console access as it requires the authenticating principal to possess a device that emits a time-sensitive key and have knowledge of a credential.",,,,,,,,,,,,,,,,
3,"Description:
AWS IAM users can access AWS resources using different types of credentials, such as passwords or access keys. It is recommended that all credentials that have been unused in 90 or greater days be removed or deactivated.
Rationale:
Disabling or removing unnecessary credentials will reduce the window of opportunity for credentials associated with a compromised or abandoned account to be used.",,,,,,,,,,,,,,,,
4,Non CIS check,,,,,,,,,,,,,,,,
5,Non CIS check,,,,,,,,,,,,,,,,
6,Non CIS check,,,,,,,,,,,,,,,,
7,Non CIS check,,,,,,,,,,,,,,,,
8,Non CIS check,,,,,,,,,,,,,,,,
9,Non CIS check,,,,,,,,,,,,,,,,
10,Non CIS check,,,,,,,,,,,,,,,,
11,Non CIS check,,,,,,,,,,,,,,,,
12,"Description:
Multi-Factor Authentication (MFA) adds an extra layer of protection on top of a user name and password. With MFA enabled, when a user signs in to an AWS website, they will be prompted for their user name and password as well as for an authentication code from their AWS MFA device. It is recommended that MFA be enabled for all accounts that have a console password.
Rationale:
Enabling MFA provides increased security for console access as it requires the authenticating principal to possess a device that emits a time-sensitive key and have knowledge of a credential.",,,,,,,,,,,,,,,,
13,"Description:
AWS IAM users can access AWS resources using different types of credentials, such as passwords or access keys. It is recommended that all credentials that have been unused in 90 or greater days be removed or deactivated.
Rationale:
Disabling or removing unnecessary credentials will reduce the window of opportunity for credentials associated with a compromised or abandoned account to be used.",,,,,,,,,,,,,,,,
14,"Description:
Access keys consist of an access key ID and secret access key, which are used to sign programmatic requests that you make to AWS. AWS users need their own access keys to make programmatic calls to AWS from the AWS Command Line Interface (AWS CLI), Tools for Windows PowerShell, the AWS SDKs, or direct HTTP calls using the APIs for individual AWS services. It is recommended that all access keys be regularly rotated.
Rationale:
Rotating access keys will reduce the window of opportunity for an access key that is associated with a compromised or terminated account to be used.
Access keys should be rotated to ensure that data cannot be accessed with an old key which might have been lost, cracked, or stolen.",,,,,,,,,,,,,,,,
15,"Description:
Password policies are, in part, used to enforce password complexity requirements. IAM password policies can be used to ensure password are comprised of different character sets. It is recommended that the password policy require at least one uppercase letter.
Rationale:
Setting a password complexity policy increases account resiliency against brute force login attempts.",,,,,,,,,,,,,,,,
16,"Description:
Password policies are, in part, used to enforce password complexity requirements. IAM password policies can be used to ensure password are comprised of different character sets. It is recommended that the password policy require at least one lowercase letter.
Rationale:
Setting a password complexity policy increases account resiliency against brute force login attempts.",,,,,,,,,,,,,,,,
17,"Description:
Password policies are, in part, used to enforce password complexity requirements. IAM password policies can be used to ensure password are comprised of different character sets. It is recommended that the password policy require at least one symbol.
Rationale:
Setting a password complexity policy increases account resiliency against brute force login attempts.",,,,,,,,,,,,,,,,
18,"Description:
Password policies are, in part, used to enforce password complexity requirements. IAM password policies can be used to ensure password are comprised of different character sets. It is recommended that the password policy require at least one number.
Rationale:
Setting a password complexity policy increases account resiliency against brute force login attempts.",,,,,,,,,,,,,,,,
19,"Description:
Password policies are, in part, used to enforce password complexity requirements. IAM password policies can be used to ensure password are at least a given length. It is recommended that the password policy require a minimum password length 14.
Rationale:
Setting a password complexity policy increases account resiliency against brute force login attempts.",,,,,,,,,,,,,,,,
20,,,,,,,,,,,,,,,,,
21,"Description:
AWS CloudTrail is a web service that records AWS API calls for your account and delivers log files to you. The recorded information includes the identity of the API caller, the time of the API call, the source IP address of the API caller, the request parameters, and the response elements returned by the AWS service. CloudTrail provides a history of AWS API calls for an account, including API calls made via the Management Console, SDKs, command line tools, and higher-level AWS services (such as CloudFormation).
Rationale:
The AWS API call history produced by CloudTrail enables security analysis, resource change tracking, and compliance auditing. Additionally,
- ensuring that a multi-regions trail exists will ensure that unexpected activity occurring in otherwise unused regions is detected
- ensuring that a multi-regions trail exists will ensure that Global Service Logging is enabled for a trail by default to capture recording of events generated on AWS global services
- for a multi-regions trail, ensuring that management events configured for all type of Read/Writes ensures recording of management operations that are performed on all resources in an AWS account",,,,,,,,,,,,,,,,
22,"Description:
CloudTrail log file validation creates a digitally signed digest file containing a hash of each log that CloudTrail writes to S3. These digest files can be used to determine whether a log file was changed, deleted, or unchanged after CloudTrail delivered the log. It is recommended that file validation be enabled on all CloudTrails.
Rationale:
Enabling log file validation will provide additional integrity checking of CloudTrail logs.",,,,,,,,,,,,,,,,
23,"Description:
CloudTrail logs a record of every API call made in your AWS account. These logs file are stored in an S3 bucket. It is recommended that the bucket policy, or access control list (ACL), applied to the S3 bucket that CloudTrail logs to prevents public access to the CloudTrail logs.
Rationale:
Allowing public access to CloudTrail log content may aid an adversary in identifying weaknesses in the affected account's use or configuration.",,,,,,,,,,,,,,,,
24,"Description:
AWS CloudTrail is a web service that records AWS API calls made in a given AWS account. The recorded information includes the identity of the API caller, the time of the API call, the source IP address of the API caller, the request parameters, and the response elements returned by the AWS service. CloudTrail uses Amazon S3 for log file storage and delivery, so log files are stored durably. In addition to capturing CloudTrail logs within a specified S3 bucket for long term analysis, realtime analysis can be performed by configuring CloudTrail to send logs to CloudWatch Logs. For a trail that is enabled in all regions in an account, CloudTrail sends log files from all those regions to a CloudWatch Logs log group. It is recommended that CloudTrail logs be sent to CloudWatch Logs.
Note: The intent of this recommendation is to ensure AWS account activity is being captured, monitored, and appropriately alarmed on. CloudWatch Logs is a native way to accomplish this using AWS services but does not preclude the use of an alternate solution.
Rationale:
Sending CloudTrail logs to CloudWatch Logs will facilitate real-time and historic activity logging based on user, API, resource, and IP address, and provides opportunity to establish alarms and notifications for anomalous or sensitivity account activity.",,,,,,,,,,,,,,,,
25,"Description:
AWS Config is a web service that performs configuration management of supported AWS resources within your account and delivers log files to you. The recorded information includes the configuration item (AWS resource), relationships between configuration items (AWS resources), any configuration changes between resources. It is recommended to enable AWS Config be enabled in all regions.
Rationale:
The AWS configuration item history captured by AWS Config enables security analysis, resource change tracking, and compliance auditing.",,,,,,,,,,,,,,,,
26,"Description:
S3 Bucket Access Logging generates a log that contains access records for each request made to your S3 bucket. An access log record contains details about the request, such as the request type, the resources specified in the request worked, and the time and date the request was processed. It is recommended that bucket access logging be enabled on the CloudTrail S3 bucket.
Rationale:
By enabling S3 bucket logging on target S3 buckets, it is possible to capture all events which may affect objects within an target buckets. Configuring logs to be placed in a separate bucket allows access to log information which can be useful in security and incident response workflows.",,,,,,,,,,,,,,,,
27,"Description:
AWS CloudTrail is a web service that records AWS API calls for an account and makes those logs available to users and resources in accordance with IAM policies. AWS Key Management Service (KMS) is a managed service that helps create and control the encryption keys used to encrypt account data, and uses Hardware Security Modules (HSMs) to protect the security of encryption keys. CloudTrail logs can be configured to leverage server side encryption (SSE) and KMS customer created master keys (CMK) to further protect CloudTrail logs. It is recommended that CloudTrail be configured to use SSE-KMS.
Rationale:
Configuring CloudTrail to use SSE-KMS provides additional confidentiality controls on log data as a given user must have S3 read permission on the corresponding log bucket and must be granted decrypt permission by the CMK policy.",,,,,,,,,,,,,,,,
28,"Description:
AWS Key Management Service (KMS) allows customers to rotate the backing key which is key material stored within the KMS which is tied to the key ID of the Customer Created customer master key (CMK). It is the backing key that is used to perform cryptographic operations such as encryption and decryption. Automated key rotation currently retains all prior backing keys so that decryption of encrypted data can take place transparently. It is recommended that CMK key rotation be enabled.
Rationale:
Rotating encryption keys helps reduce the potential impact of a compromised key as data encrypted with a new key cannot be accessed with a previous key that may have been exposed.",,,,,,,,,,,,,,,,
29,"Description:
VPC Flow Logs is a feature that enables you to capture information about the IP traffic going to and from network interfaces in your VPC. After you've created a flow log, you can view and retrieve its data in Amazon CloudWatch Logs. It is recommended that VPC Flow Logs be enabled for packet ""Rejects"" for VPCs.
Rationale:
VPC Flow Logs provide visibility into network traffic that traverses the VPC and can be used to detect anomalous traffic or insight during security workflows.",,,,,,,,,,,,,,,,
30,,,,,,,,,,,,,,,,,
31,"Description:
Real-time monitoring of API calls can be achieved by directing CloudTrail Logs to CloudWatch Logs and establishing corresponding metric filters and alarms. It is recommended that a metric filter and alarm be established for unauthorized API calls.
Rationale:
Monitoring unauthorized API calls will help reveal application errors and may reduce time to detect malicious activity.",,,,,,,,,,,,,,,,
32,"Description:
Real-time monitoring of API calls can be achieved by directing CloudTrail Logs to CloudWatch Logs and establishing corresponding metric filters and alarms. It is recommended that a metric filter and alarm be established for console logins that are not protected by multi-factor authentication (MFA).
Rationale:
Monitoring for single-factor console logins will increase visibility into accounts that are not protected by MFA.",,,,,,,,,,,,,,,,
33,"Description:
Real-time monitoring of API calls can be achieved by directing CloudTrail Logs to CloudWatch Logs and establishing corresponding metric filters and alarms. It is recommended that a metric filter and alarm be established for root login attempts.
Rationale:
Monitoring for root account logins will provide visibility into the use of a fully privileged account and an opportunity to reduce the use of it.",,,,,,,,,,,,,,,,
34,"Description:
Real-time monitoring of API calls can be achieved by directing CloudTrail Logs to CloudWatch Logs and establishing corresponding metric filters and alarms. It is recommended that a metric filter and alarm be established changes made to Identity and Access Management (IAM) policies.
Rationale:
Monitoring changes to IAM policies will help ensure authentication and authorization controls remain intact.",,,,,,,,,,,,,,,,
35,"Description:
Real-time monitoring of API calls can be achieved by directing CloudTrail Logs to CloudWatch Logs and establishing corresponding metric filters and alarms. It is recommended that a metric filter and alarm be established for detecting changes to CloudTrail's configurations.
Rationale:
Monitoring changes to CloudTrail's configuration will help ensure sustained visibility to activities performed in the AWS account.",,,,,,,,,,,,,,,,
36,"Description:
Real-time monitoring of API calls can be achieved by directing CloudTrail Logs to CloudWatch Logs and establishing corresponding metric filters and alarms. It is recommended that a metric filter and alarm be established for failed console authentication attempts.
Rationale:
Monitoring failed console logins may decrease lead time to detect an attempt to brute force a credential, which may provide an indicator, such as source IP, that can be used in other event correlation.",,,,,,,,,,,,,,,,
37,"Description:
Real-time monitoring of API calls can be achieved by directing CloudTrail Logs to CloudWatch Logs and establishing corresponding metric filters and alarms. It is recommended that a metric filter and alarm be established for customer created CMKs which have changed state to disabled or scheduled deletion.
Rationale:
Data encrypted with disabled or deleted keys will no longer be accessible.",,,,,,,,,,,,,,,,
38,"Description:
Real-time monitoring of API calls can be achieved by directing CloudTrail Logs to CloudWatch Logs and establishing corresponding metric filters and alarms. It is recommended that a metric filter and alarm be established for changes to S3 bucket policies.
Rationale:
Monitoring changes to S3 bucket policies may reduce time to detect and correct permissive policies on sensitive S3 buckets.",,,,,,,,,,,,,,,,
39,"Description:
Real-time monitoring of API calls can be achieved by directing CloudTrail Logs to CloudWatch Logs and establishing corresponding metric filters and alarms. It is recommended that a metric filter and alarm be established for detecting changes to CloudTrail's configurations.
Rationale:
Monitoring changes to AWS Config configuration will help ensure sustained visibility of configuration items within the AWS account.",,,,,,,,,,,,,,,,
40,,,,,,,,,,,,,,,,,
41,"Description:
Security groups provide stateful filtering of ingress/egress network traffic to AWS resources. It is recommended that no security group allows unrestricted ingress access to port 22 .
Rationale:
Removing unfettered connectivity to remote console services, such as SSH, reduces a server's exposure to risk.",,,,,,,,,,,,,,,,
42,"Description:
Security groups provide stateful filtering of ingress/egress network traffic to AWS resources. It is recommended that no security group allows unrestricted ingress access to port 3389 .
Rationale:
Removing unfettered connectivity to remote console services, such as RDP, reduces a server's exposure to risk.",,,,,,,,,,,,,,,,
43,"Description:
A VPC comes with a default security group whose initial settings deny all inbound traffic, allow all outbound traffic, and allow all traffic between instances assigned to the security group. If you don't specify a security group when you launch an instance, the instance is automatically assigned to this default security group. Security groups provide stateful filtering of ingress/egress network traffic to AWS resources. It is recommended that the default security group restrict all traffic.
The default VPC in every region should have its default security group updated to comply. Any newly created VPCs will automatically contain a default security group that will need remediation to comply with this recommendation.
NOTE: When implementing this recommendation, VPC flow logging is invaluable in determining the least privilege port access required by systems to work properly because it can log all packet acceptances and rejections occurring under the current security groups. This dramatically reduces the primary barrier to least privilege engineering - discovering the minimum ports required by systems in the environment. Even if the VPC flow logging recommendation in this benchmark is not adopted as a permanent security measure, it should be used during any period of discovery and engineering for least privileged security groups.
Rationale:
Configuring all VPC default security groups to restrict all traffic will encourage least privilege security group development and mindful placement of AWS resources into security groups which will in-turn reduce the exposure of those resources.",,,,,,,,,,,,,,,,
44,"Description:
Once a VPC peering connection is established, routing tables must be updated to establish any connections between the peered VPCs. These routes can be as specific as desired - even peering a VPC to only a single host on the other side of the connection.
Rationale:
Being highly selective in peering routing tables is a very effective way of minimizing the impact of breach as resources outside of these routes are inaccessible to the peered VPC.",,,,,,,,,,,,,,,,
45,Non CIS check,,,,,,,,,,,,,,,,
46,Non CIS check,,,,,,,,,,,,,,,,
47,Non CIS check,,,,,,,,,,,,,,,,
48,Non CIS check,,,,,,,,,,,,,,,,
49,Non CIS check,,,,,,,,,,,,,,,,
50,Non CIS check,,,,,,,,,,,,,,,,
51,Non CIS check,,,,,,,,,,,,,,,,
52,Non CIS check,,,,,,,,,,,,,,,,
53,Non CIS check,,,,,,,,,,,,,,,,
54,Non CIS check,,,,,,,,,,,,,,,,
55,Non CIS check,,,,,,,,,,,,,,,,
56,Non CIS check,,,,,,,,,,,,,,,,
57,Non CIS check,,,,,,,,,,,,,,,,
58,Non CIS check,,,,,,,,,,,,,,,,
59,Non CIS check,,,,,,,,,,,,,,,,
60,Non CIS check,,,,,,,,,,,,,,,,
61,Non CIS check,,,,,,,,,,,,,,,,
62,Non CIS check,,,,,,,,,,,,,,,,
63,Non CIS check,,,,,,,,,,,,,,,,
64,Non CIS check,,,,,,,,,,,,,,,,
65,Non CIS check,,,,,,,,,,,,,,,,
66,Non CIS check,,,,,,,,,,,,,,,,
67,Non CIS check,,,,,,,,,,,,,,,,
68,Non CIS check,,,,,,,,,,,,,,,,
69,Non CIS check,,,,,,,,,,,,,,,,
70,Non CIS check,,,,,,,,,,,,,,,,
71,Non CIS check,,,,,,,,,,,,,,,,
72,Non CIS check,,,,,,,,,,,,,,,,
73,Non CIS check,,,,,,,,,,,,,,,,
74,Non CIS check,,,,,,,,,,,,,,,,
75,Non CIS check,,,,,,,,,,,,,,,,
76,Non CIS check,,,,,,,,,,,,,,,,
77,Non CIS check,,,,,,,,,,,,,,,,
78,Non CIS check,,,,,,,,,,,,,,,,
79,Non CIS check,,,,,,,,,,,,,,,,
80,Non CIS check,,,,,,,,,,,,,,,,
81,Non CIS check,,,,,,,,,,,,,,,,
82,Non CIS check,,,,,,,,,,,,,,,,
83,Non CIS check,,,,,,,,,,,,,,,,
84,Non CIS check,,,,,,,,,,,,,,,,
85,Non CIS check,,,,,,,,,,,,,,,,
86,Non CIS check,,,,,,,,,,,,,,,,
87,Non CIS check,,,,,,,,,,,,,,,,
88,Non CIS check,,,,,,,,,,,,,,,,
89,Non CIS check,,,,,,,,,,,,,,,,
90,Non CIS check,,,,,,,,,,,,,,,,
91,Non CIS check,,,,,,,,,,,,,,,,
92,Non CIS check,,,,,,,,,,,,,,,,
93,Non CIS check,,,,,,,,,,,,,,,,
94,Non CIS check,,,,,,,,,,,,,,,,
95,Non CIS check,,,,,,,,,,,,,,,,
96,Non CIS check,,,,,,,,,,,,,,,,
97,Non CIS check,,,,,,,,,,,,,,,,
98,Non CIS check,,,,,,,,,,,,,,,,
99,Non CIS check,,,,,,,,,,,,,,,,
100,Non CIS check,,,,,,,,,,,,,,,,
101,Non CIS check,,,,,,,,,,,,,,,,
102,Non CIS check,,,,,,,,,,,,,,,,
103,Non CIS check,,,,,,,,,,,,,,,,
104,Non CIS check,,,,,,,,,,,,,,,,
105,Non CIS check,,,,,,,,,,,,,,,,
106,Non CIS check,,,,,,,,,,,,,,,,
107,Non CIS check,,,,,,,,,,,,,,,,
108,Non CIS check,,,,,,,,,,,,,,,,
109,Non CIS check,,,,,,,,,,,,,,,,
110,"Description:
IAM password policies can prevent the reuse of a given password by the same user. It is recommended that the password policy prevent the reuse of passwords.
Rationale:
Preventing password reuse increases account resiliency against brute force login attempts.",,,,,,,,,,,,,,,,
111,"Description:
IAM password policies can require passwords to be rotated or expired after a given number of days. It is recommended that the password policy expire passwords after 90 days or less.
Rationale:
Reducing the password lifetime increases account resiliency against brute force login attempts. Additionally, requiring regular password changes help in the following scenarios:
- Passwords can be stolen or compromised sometimes without your knowledge. This can happen via a system compromise, software vulnerability, or internal threat.
- Certain corporate and government web filters or proxy servers have the ability to intercept and record traffic even if it's encrypted.
- Many people use the same password for many systems such as work, email, and personal.
- Compromised end user workstations might have a keystroke logger.",,,,,,,,,,,,,,,,
112,"Description:
The root account is the most privileged user in an AWS account. AWS Access Keys provide programmatic access to a given AWS account. It is recommended that all access keys associated with the root account be removed.
Rationale:
Removing access keys associated with the root account limits vectors by which the account can be compromised. Additionally, removing the root access keys encourages the creation and use of role based accounts that are least privileged.",,,,,,,,,,,,,,,,
113,"Description:
The root account is the most privileged user in an AWS account. MFA adds an extra layer of protection on top of a user name and password. With MFA enabled, when a user signs in to an AWS website, they will be prompted for their user name and password as well as for an authentication code from their AWS MFA device.
Note: When virtual MFA is used for root accounts, it is recommended that the device used is NOT a personal device, but rather a dedicated mobile device (tablet or phone) that is managed to be kept charged and secured independent of any individual personal devices. (""non-personal virtual MFA"") This lessens the risks of losing access to the MFA due to device loss, device trade-in or if the individual owning the device is no longer employed at the company.
Rationale:
Enabling MFA provides increased security for console access as it requires the authenticating principal to possess a device that emits a time-sensitive key and have knowledge of a credential.",,,,,,,,,,,,,,,,
114,"Description:
The root account is the most privileged user in an AWS account. MFA adds an extra layer of protection on top of a user name and password. With MFA enabled, when a user signs in to an AWS website, they will be prompted for their user name and password as well as for an authentication code from their AWS MFA device. For Level 2, it is recommended that the root account be protected with a hardware MFA.
Rationale:
A hardware MFA has a smaller attack surface than a virtual MFA. For example, a hardware MFA does not suffer the attack surface introduced by the mobile smartphone on which a virtual MFA resides.
Note: Using hardware MFA for many, many AWS accounts may create a logistical device management issue. If this is the case, consider implementing this Level 2 recommendation selectively to the highest security AWS accounts and the Level 1 recommendation applied to the remaining accounts.
Link to order AWS compatible hardware MFA device: http://onlinenoram.gemalto.com/",,,,,,,,,,,,,,,,
115,"Description:
The AWS support portal allows account owners to establish security questions that can be used to authenticate individuals calling AWS customer service for support. It is recommended that security questions be established.
Rationale:
When creating a new AWS account, a default super user is automatically created. This account is referred to as the ""root"" account. It is recommended that the use of this account be limited and highly controlled. During events in which the Root password is no longer accessible or the MFA token associated with root is lost/destroyed it is possible, through authentication using secret questions and associated answers, to recover root login access.",,,,,,,,,,,,,,,,
116,"Description:
By default, IAM users, groups, and roles have no access to AWS resources. IAM policies are the means by which privileges are granted to users, groups, or roles. It is recommended that IAM policies be applied directly to groups and roles but not users.
Rationale:
Assigning privileges at the group or role level reduces the complexity of access management as the number of users grow. Reducing access management complexity may in-turn reduce opportunity for a principal to inadvertently receive or retain excessive privileges.",,,,,,,,,,,,,,,,
117,"""Description:
Ensure contact email and telephone details for AWS accounts are current and map to more than one individual in your organization.
An AWS account supports a number of contact details, and AWS will use these to contact the account owner if activity judged to be in breach of Acceptable Use Policy or indicative of likely security compromise is observed by the AWS Abuse team. Contact details should not be for a single individual, as circumstances may arise where that individual is unavailable. Email contact details should point to a mail alias which forwards email to multiple individuals within the organization; where feasible, phone contact details should point to a PABX hunt group or other call-forwarding system.
Rationale:
If an AWS account is observed to be behaving in a prohibited or suspicious manner, AWS will attempt to contact the account owner by email and phone using the contact details listed. If this is unsuccessful and the account behavior needs urgent mitigation, proactive measures may be taken, including throttling of traffic between the account exhibiting suspicious behavior and the AWS API endpoints and the Internet. This will result in impaired service to and from the account in question, so it is in both the customers' and AWS' best interests that prompt contact can be established. This is best achieved by setting AWS account contact details to point to resources which have multiple individuals as recipients, such as email aliases and PABX hunt groups.""",,,,,,,,,,,,,,,,
118,"Description:
AWS provides customers with the option of specifying the contact information for account's security team. It is recommended that this information be provided.
Rationale:
Specifying security-specific contact information will help ensure that security advisories sent by AWS reach the team in your organization that is best equipped to respond to them.",,,,,,,,,,,,,,,,
119,"Description:
AWS access from within AWS instances can be done by either encoding AWS keys into AWS API calls or by assigning the instance to a role which has an appropriate permissions policy for the required access. ""AWS Access"" means accessing the APIs of AWS in order to access AWS resources or manage AWS account resources.
Rationale:
AWS IAM roles reduce the risks associated with sharing and rotating credentials that can be used outside of AWS itself. If credentials are compromised, they can be used from outside of the AWS account they give access to. In contrast, in order to leverage role permissions an attacker would need to gain and maintain access to a specific instance to use the privileges associated with it.
Additionally, if credentials are encoded into compiled applications or other hard to change mechanisms, then they are even more unlikely to be properly rotated due to service disruption risks. As time goes on, credentials that cannot be rotated are more likely to be known by an increasing number of individuals who no longer work for the organization owning the credentials.",,,,,,,,,,,,,,,,
120,"Description:
AWS provides a support center that can be used for incident notification and response, as well as technical support and customer services. Create an IAM Role to allow authorized users to manage incidents with AWS Support.
Rationale:
By implementing least privilege for access control, an IAM Role will require an appropriate IAM Policy to allow Support Center Access in order to manage Incidents with AWS Support.",,,,,,,,,,,,,,,,
121,"Description:
AWS console defaults the checkbox for creating access keys to enabled. This results in many access keys being generated unnecessarily. In addition to unnecessary credentials, it also generates unnecessary management work in auditing and rotating these keys.
Rationale:
Requiring that additional steps be taken by the user after their profile has been created will give a stronger indication of intent that access keys are [a] necessary for their work and [b] once the access key is established on an account that the keys may be in use somewhere in the organization.
Note: Even if it is known the user will need access keys, require them to create the keys themselves or put in a support ticket to have the created as a separate step from user creation.",,,,,,,,,,,,,,,,
122,"""Description:
IAM policies are the means by which privileges are granted to users, groups, or roles. It is recommended and considered a standard security advice to grant least privilege - that is, granting only the permissions required to perform a task. Determine what users need to do and then craft policies for them that let the users perform only those tasks, instead of allowing full administrative privileges.
Rationale:
It's more secure to start with a minimum set of permissions and grant additional permissions as necessary, rather than starting with permissions that are too lenient and then trying to tighten them later.
Providing full administrative privileges instead of restricting to the minimum set of permissions that the user is required to do exposes the resources to potentially unwanted actions.
IAM policies that have a statement with """"Effect"""": """"Allow"""" with """"Action"""": """"*"""" over """"Resource"""": """"*"""" should be removed.""",,,,,,,,,,,,,,,,
123,Non CIS check,,,,,,,,,,,,,,,,
124,Non CIS check,,,,,,,,,,,,,,,,
125,Non CIS check,,,,,,,,,,,,,,,,
126,Non CIS check,,,,,,,,,,,,,,,,
127,Non CIS check,,,,,,,,,,,,,,,,
128,Non CIS check,,,,,,,,,,,,,,,,
129,Non CIS check,,,,,,,,,,,,,,,,
130,Non CIS check,,,,,,,,,,,,,,,,
131,Non CIS check,,,,,,,,,,,,,,,,
132,Non CIS check,,,,,,,,,,,,,,,,
133,Non CIS check,,,,,,,,,,,,,,,,
134,Non CIS check,,,,,,,,,,,,,,,,
135,Non CIS check,,,,,,,,,,,,,,,,
136,Non CIS check,,,,,,,,,,,,,,,,
137,Non CIS check,,,,,,,,,,,,,,,,
138,Non CIS check,,,,,,,,,,,,,,,,
139,Non CIS check,,,,,,,,,,,,,,,,
140,Non CIS check,,,,,,,,,,,,,,,,
141,Non CIS check,,,,,,,,,,,,,,,,
142,Non CIS check,,,,,,,,,,,,,,,,
143,Non CIS check,,,,,,,,,,,,,,,,
144,Non CIS check,,,,,,,,,,,,,,,,
145,Non CIS check,,,,,,,,,,,,,,,,
146,Non CIS check,,,,,,,,,,,,,,,,
147,Non CIS check,,,,,,,,,,,,,,,,
148,Non CIS check,,,,,,,,,,,,,,,,
149,Non CIS check,,,,,,,,,,,,,,,,
150,Non CIS check,,,,,,,,,,,,,,,,
151,Non CIS check,,,,,,,,,,,,,,,,
152,Non CIS check,,,,,,,,,,,,,,,,
153,Non CIS check,,,,,,,,,,,,,,,,
154,Non CIS check,,,,,,,,,,,,,,,,
155,Non CIS check,,,,,,,,,,,,,,,,
156,Non CIS check,,,,,,,,,,,,,,,,
157,Non CIS check,,,,,,,,,,,,,,,,
158,Non CIS check,,,,,,,,,,,,,,,,
159,Non CIS check,,,,,,,,,,,,,,,,
160,Non CIS check,,,,,,,,,,,,,,,,
161,Non CIS check,,,,,,,,,,,,,,,,
162,Non CIS check,,,,,,,,,,,,,,,,
163,Non CIS check,,,,,,,,,,,,,,,,
164,Non CIS check,,,,,,,,,,,,,,,,
165,Non CIS check,,,,,,,,,,,,,,,,
166,Non CIS check,,,,,,,,,,,,,,,,
167,Non CIS check,,,,,,,,,,,,,,,,
168,Non CIS check,,,,,,,,,,,,,,,,Allow incoming logs from UAT Zone to Management zone
169,Non CIS check,,,,,,,,,,,,,,,,sgp-m-mhq-prdmzinf-tfadm
170,Non CIS check,,,,,,,,,,,,,,,,
171,Non CIS check,,,,,,,,,,,,,,,,
172,Non CIS check,,,,,,,,,,,,,,,,
173,Non CIS check,,,,,,,,,,,,,,,,
174,Non CIS check,,,,,,,,,,,,,,,,
175,Non CIS check,,,,,,,,,,,,,,,,
176,Non CIS check,,,,,,,,,,,,,,,,
177,Non CIS check,,,,,,,,,,,,,,,,
178,Non CIS check,,,,,,,,,,,,,,,,
179,Non CIS check,,,,,,,,,,,,,,,,
180,Non CIS check,,,,,,,,,,,,,,,,
181,Non CIS check,,,,,,,,,,,,,,,,
182,Non CIS check,,,,,,,,,,,,,,,,
183,Non CIS check,,,,,,,,,,,,,,,,
184,Non CIS check,,,,,,,,,,,,,,,,
185,Non CIS check,,,,,,,,,,,,,,,,
186,Non CIS check,,,,,,,,,,,,,,,,
187,Non CIS check,,,,,,,,,,,,,,,,
188,Non CIS check,,,,,,,,,,,,,,,,
189,Non CIS check,,,,,,,,,,,,,,,,
190,Non CIS check,,,,,,,,,,,,,,,,
191,Non CIS check,,,,,,,,,,,,,,,,
192,Non CIS check,,,,,,,,,,,,,,,,
193,Non CIS check,,,,,,,,,,,,,,,,
194,Non CIS check,,,,,,,,,,,,,,,,
195,Non CIS check,,,,,,,,,,,,,,,,
196,Non CIS check,,,,,,,,,,,,,,,,
197,Non CIS check,,,,,,,,,,,,,,,,
198,Non CIS check,,,,,,,,,,,,,,,,
199,Non CIS check,,,,,,,,,,,,,,,,
200,Non CIS check,,,,,,,,,,,,,,,,
201,Non CIS check,,,,,,,,,,,,,,,,
202,Non CIS check,,,,,,,,,,,,,,,,
203,Non CIS check,,,,,,,,,,,,,,,,
204,Non CIS check,,,,,,,,,,,,,,,,
205,Non CIS check,,,,,,,,,,,,,,,,
206,Non CIS check,,,,,,,,,,,,,,,,
207,Non CIS check,,,,,,,,,,,,,,,,
208,Non CIS check,,,,,,,,,,,,,,,,
209,Non CIS check,,,,,,,,,,,,,,,,
210,Non CIS check,,,,,,,,,,,,,,,,
211,Non CIS check,,,,,,,,,,,,,,,,
212,Non CIS check,,,,,,,,,,,,,,,,
213,Non CIS check,,,,,,,,,,,,,,,,
214,Non CIS check,,,,,,,,,,,,,,,,
215,Non CIS check,,,,,,,,,,,,,,,,
216,Non CIS check,,,,,,,,,,,,,,,,
217,Non CIS check,,,,,,,,,,,,,,,,
218,Non CIS check,,,,,,,,,,,,,,,,
219,Non CIS check,,,,,,,,,,,,,,,,
220,Non CIS check,,,,,,,,,,,,,,,,
221,Non CIS check,,,,,,,,,,,,,,,,
222,Non CIS check,,,,,,,,,,,,,,,,
223,Non CIS check,,,,,,,,,,,,,,,,
224,Non CIS check,,,,,,,,,,,,,,,,
225,Non CIS check,,,,,,,,,,,,,,,,
226,Non CIS check,,,,,,,,,,,,,,,,
227,Non CIS check,,,,,,,,,,,,,,,,
228,Non CIS check,,,,,,,,,,,,,,,,
229,Non CIS check,,,,,,,,,,,,,,,,
230,Non CIS check,,,,,,,,,,,,,,,,
231,Non CIS check,,,,,,,,,,,,,,,,
232,Non CIS check,,,,,,,,,,,,,,,,
233,Non CIS check,,,,,,,,,,,,,,,,
234,Non CIS check,,,,,,,,,,,,,,,,
235,Non CIS check,,,,,,,,,,,,,,,,
236,Non CIS check,,,,,,,,,,,,,,,,
237,Non CIS check,,,,,,,,,,,,,,,,
238,Non CIS check,,,,,,,,,,,,,,,,
239,Non CIS check,,,,,,,,,,,,,,,,
240,Non CIS check,,,,,,,,,,,,,,,,
241,Non CIS check,,,,,,,,,,,,,,,,
242,Non CIS check,,,,,,,,,,,,,,,,
243,Non CIS check,,,,,,,,,,,,,,,,
244,Non CIS check,,,,,,,,,,,,,,,,
245,Non CIS check,,,,,,,,,,,,,,,,
246,Non CIS check,,,,,,,,,,,,,,,,
247,Non CIS check,,,,,,,,,,,,,,,,
248,Non CIS check,,,,,,,,,,,,,,,,
249,Non CIS check,,,,,,,,,,,,,,,,
250,Non CIS check,,,,,,,,,,,,,,,,
251,Non CIS check,,,,,,,,,,,,,,,,
252,Non CIS check,,,,,,,,,,,,,,,,
253,Non CIS check,,,,,,,,,,,,,,,,
254,Non CIS check,,,,,,,,,,,,,,,,
255,Non CIS check,,,,,,,,,,,,,,,,
256,Non CIS check,,,,,,,,,,,,,,,,
257,Non CIS check,,,,,,,,,,,,,,,,
258,Non CIS check,,,,,,,,,,,,,,,,
259,Non CIS check,,,,,,,,,,,,,,,,
260,Non CIS check,,,,,,,,,,,,,,,,
261,Non CIS check,,,,,,,,,,,,,,,,
262,Non CIS check,,,,,,,,,,,,,,,,
263,Non CIS check,,,,,,,,,,,,,,,,
264,Non CIS check,,,,,,,,,,,,,,,,
265,Non CIS check,,,,,,,,,,,,,,,,
266,Non CIS check,,,,,,,,,,,,,,,,
267,Non CIS check,,,,,,,,,,,,,,,,
268,Non CIS check,,,,,,,,,,,,,,,,
269,Non CIS check,,,,,,,,,,,,,,,,
270,Non CIS check,,,,,,,,,,,,,,,,
271,Non CIS check,,,,,,,,,,,,,,,,
272,Non CIS check,,,,,,,,,,,,,,,,
273,Non CIS check,,,,,,,,,,,,,,,,
274,Non CIS check,,,,,,,,,,,,,,,,
275,Non CIS check,,,,,,,,,,,,,,,,
276,Non CIS check,,,,,,,,,,,,,,,,
277,Non CIS check,,,,,,,,,,,,,,,,
278,Non CIS check,,,,,,,,,,,,,,,,
279,Non CIS check,,,,,,,,,,,,,,,,
280,Non CIS check,,,,,,,,,,,,,,,,
281,Non CIS check,,,,,,,,,,,,,,,,
282,Non CIS check,,,,,,,,,,,,,,,,
283,Non CIS check,,,,,,,,,,,,,,,,
284,Non CIS check,,,,,,,,,,,,,,,,
285,Non CIS check,,,,,,,,,,,,,,,,
286,Non CIS check,,,,,,,,,,,,,,,,
287,Non CIS check,,,,,,,,,,,,,,,,
288,Non CIS check,,,,,,,,,,,,,,,,
289,Non CIS check,,,,,,,,,,,,,,,,
290,Non CIS check,,,,,,,,,,,,,,,,
291,Non CIS check,,,,,,,,,,,,,,,,
292,Non CIS check,,,,,,,,,,,,,,,,
293,Non CIS check,,,,,,,,,,,,,,,,
294,Non CIS check,,,,,,,,,,,,,,,,
295,Non CIS check,,,,,,,,,,,,,,,,
296,Non CIS check,,,,,,,,,,,,,,,,
297,Non CIS check,,,,,,,,,,,,,,,,
298,Non CIS check,,,,,,,,,,,,,,,,
299,Non CIS check,,,,,,,,,,,,,,,,
300,Non CIS check,,,,,,,,,,,,,,,,
301,Non CIS check,,,,,,,,,,,,,,,,
302,Non CIS check,,,,,,,,,,,,,,,,
303,Non CIS check,,,,,,,,,,,,,,,,
304,Non CIS check,,,,,,,,,,,,,,,,
305,Non CIS check,,,,,,,,,,,,,,,,
306,Non CIS check,,,,,,,,,,,,,,,,
307,Non CIS check,,,,,,,,,,,,,,,,
308,Non CIS check,,,,,,,,,,,,,,,,
309,Non CIS check,,,,,,,,,,,,,,,,
310,"Description:
Real-time monitoring of API calls can be achieved by directing CloudTrail Logs to CloudWatch Logs and establishing corresponding metric filters and alarms. Security Groups are a stateful packet filter that controls ingress and egress traffic within a VPC. It is recommended that a metric filter and alarm be established changes to Security Groups.
Rationale:
Monitoring changes to security group will help ensure that resources and services are not unintentionally exposed.",,,,,,,,,,,,,,,,
311,"Description:
Real-time monitoring of API calls can be achieved by directing CloudTrail Logs to CloudWatch Logs and establishing corresponding metric filters and alarms. NACLs are used as a stateless packet filter to control ingress and egress traffic for subnets within a VPC. It is recommended that a metric filter and alarm be established for changes made to NACLs.
Rationale:
Monitoring changes to NACLs will help ensure that AWS resources and services are not unintentionally exposed.",,,,,,,,,,,,,,,,
312,"Description:
Real-time monitoring of API calls can be achieved by directing CloudTrail Logs to CloudWatch Logs and establishing corresponding metric filters and alarms. Network gateways are required to send/receive traffic to a destination outside of a VPC. It is recommended that a metric filter and alarm be established for changes to network gateways.
Rationale:
Monitoring changes to network gateways will help ensure that all ingress/egress traffic traverses the VPC border via a controlled path.",,,,,,,,,,,,,,,,
313,"Description:
Real-time monitoring of API calls can be achieved by directing CloudTrail Logs to CloudWatch Logs and establishing corresponding metric filters and alarms. Routing tables are used to route network traffic between subnets and to network gateways. It is recommended that a metric filter and alarm be established for changes to route tables.
Rationale:
Monitoring changes to route tables will help ensure that all VPC traffic flows through an expected path.",,,,,,,,,,,,,,,,
314,"Description:
Real-time monitoring of API calls can be achieved by directing CloudTrail Logs to CloudWatch Logs and establishing corresponding metric filters and alarms. It is possible to have more than 1 VPC within an account, in addition it is also possible to create a peer connection between 2 VPCs enabling network traffic to route between VPCs. It is recommended that a metric filter and alarm be established for changes made to VPCs.
Rationale:
Monitoring changes to IAM policies will help ensure authentication and authorization controls remain intact.",,,,,,,,,,,,,,,,
700,Non CIS check,,,,,,,,,,,,,,,,
701,Non CIS check,,,,,,,,,,,,,,,,
702,Non CIS check,,,,,,,,,,,,,,,,
703,Non CIS check,,,,,,,,,,,,,,,,
704,Non CIS check,,,,,,,,,,,,,,,,
705,Non CIS check,,,,,,,,,,,,,,,,
706,Non CIS check,,,,,,,,,,,,,,,,
707,Non CIS check,,,,,,,,,,,,,,,,
708,Non CIS check,,,,,,,,,,,,,,,,
709,Non CIS check,,,,,,,,,,,,,,,,
710,Check if it necessary for EC2 Instances to be internet facing ,,,,,,,,,,,,,,,,
711,Non CIS check - Check for Publicly Accessible Redshift Clusters,,,,,,,,,,,,,,,,
712,Non CIS check - Check if Amazon Macie is enabled,,,,,,,,,,,,,,,,
713,"Amazon GuardDuty is a threat detection service that continuously monitors for malicious activity and unauthorized behavior to protect your AWS accounts and workloads. With the cloud, the collection and aggregation of account and network activities is simplified, but it can be time consuming for security teams to continuously analyze event log data for potential threats. With GuardDuty, you now have an intelligent and cost-effective option for continuous threat detection in the AWS Cloud. The service uses machine learning, anomaly detection, and integrated threat intelligence to identify and prioritize potential threats. GuardDuty analyzes tens of billions of events across multiple AWS data sources, such as AWS CloudTrail, Amazon VPC Flow Logs, and DNS logs. With a few clicks in the AWS Management Console, GuardDuty can be enabled with no software or hardware to deploy or maintain. By integrating with AWS CloudWatch Events, GuardDuty alerts are actionable, easy to aggregate across multiple accounts, and straightforward to push into existing event management and workflow systems.",,,,,,,,,,,,,,,,
714,Check if CloudFront distributions have logging enabled,,,,,,,,,,,,,,,,
715,Check if Elasticsearch Service domains have logging enabled,,,,,,,,,,,,,,,,
716,Check if Elasticsearch Service domains allow open access,,,,,,,,,,,,,,,,
717,Check if Elastic Load Balancers have logging enabled,,,,,,,,,,,,,,,,
718,"Enable access logging for S3 buckets, especially CloudTrail buckets. 
This allows you to track requests for accessing the buckets and for security audits. Since CloudTrail buckets contain sensitive information, these should be protected from unauthorized viewing. With S3 Server Access Logging enabled for your CloudTrail buckets you can track any requests made to access the buckets or even limit who can alter or delete the access logs to prevent a user from covering their tracks.",,,,,,,,,,,,,,,,
719,"Turn on Query Logging for Route 53 hosted zone
You can configure Amazon Route 53 to log information about the queries that Route 53 receives, such as the following:
- Domain or subdomain that was requested
- Date and time of the request
- DNS record type (such as A or AAAA)
- Route 53 edge location that responded to the DNS query
- DNS response code, such as NoError or ServFail",,,,,,,,,,,,,,,,
720,"Enable CloudTrail logging for lambda functions. Using the information collected by CloudTrail, you can determine the request that was made to AWS Lambda, the IP address from which the request was made, who made the request, when it was made, and additional details.",,,,,,,,,,,,,,,,
721,Check if Redshift cluster has audit logging enabled,,,,,,,,,,,,,,,,
722,Check if API Gateway has logging enabled,,,,,,,,,,,,,,,,
723,Check if RDS Snapshots are public,,,,,,,,,,,,,,,,
724,Check if ACM certificates have Certificate Transparency logging enabled,,,,,,,,,,,,,,,,
725,Check if S3 buckets have Object-level logging enabled in CloudTrail,,,,,,,,,,,,,,,,
726,"AWS Trusted Advisor provides best practices and checks in four categories: cost optimization, security, fault tolerance, and performance efficiency.",,,,,,,,,,,,,,,,
727,"Identify any publicly accessible SQS queues available in your AWS account and update their permissions in order to protect against unauthorized users. Allowing anonymous users to have access to your SQS queues can lead to unauthorized actions such as intercepting, deleting and sending queue messages. One common scenario is when the queue owner grants permissions to everyone by setting the Principal to 'Everybody (*)' while testing the queue system configuration and the insecure set of permissions reach into production. To avoid data leakage and unexpected costs on your AWS bill, limit access to your queues by implementing the necessary policies.",,,,,,,,,,,,,,,,
728,Check if SQS queues have Server Side Encryption enabled,,,,,,,,,,,,,,,,
729,Encrypt EBS Volumes - Enforce encryption at rest: Enforce your defined encryption requirements based on the latest standards and best practices to help protect your data at rest.,,,,,,,,,,,,,,,,
730,Check if ACM Certificates are about to expire in 7 days or less,,,,,,,,,,,,,,,,
731,Check if SNS topics have policy set as Public,,,,,,,,,,,,,,,,
732,Check if Geo restrictions are enabled in CloudFront distributions ,,,,,,,,,,,,,,,,
733,Check if there are SAML Providers then STS can be used,,,,,,,,,,,,,,,,
734,Check if S3 buckets have default encryption (SSE) enabled or use a bucket policy to enforce it,,,,,,,,,,,,,,,,
735,Check if RDS instances storage is encrypted,,,,,,,,,,,,,,,,
736,Identify any publicly accessible AWS Key Management Service master keys and update their access policy in order to stop any unsigned requests made to these resources. Allowing anonymous access to your AWS KMS keys is considered bad practice and can lead to sensitive data leakage. One common scenario is when an AWS user grants permissions to everyone for using the KMS key but forgets adding the Condition clauses to the key policy in order to filter the access to certain accounts.,,,,,,,,,,,,,,,,
737,"The best cryptographic practices do not encourage excessive use of old CMK. It is highly recommended to rotate your CMK's to ensure the security of your cloud infrastructure. When automatic key rotation is enabled, KMS generates new cryptographic material every 365 days and retains the older cryptographic material (old key). In this way, both keys can be used to encrypt or decrypt data. There are various benefits of enabling automatic rotation of CMK.",,,,,,,,,,,,,,,,
738,Check if CloudFront distributions are set to HTTPS,,,,,,,,,,,,,,,,
739,Check if RDS instances have backup enabled,,,,,,,,,,,,,,,,
740,Ensure EBS Snapshots are encrypted to meet security and compliance requirements.,,,,,,,,,,,,,,,,
741,There are potential secrets in EC2 User Data - go into user data to check for possible Access Keys ,,,,,,,,,,,,,,,,
742,There are potential secrets in CloudFormation outputs,,,,,,,,,,,,,,,,
743,Check if API Gateway has client certificate enabled to access your backend endpoint,,,,,,,,,,,,,,,,
744,Check if API Gateway has a WAF ACL attached,,,,,,,,,,,,,,,,
745,Check if API Gateway endpoint is public or private ,,,,,,,,,,,,,,,,
746,Check if API Gateway has configured authorizers,,,,,,,,,,,,,,,,
747,Check if RDS instances is integrated with CloudWatch Logs,,,,,,,,,,,,,,,,
748,Limit ingress/egress rules for Security Groups that allow all traffic in/out to only ports and IPs necessary.,,,,,,,,,,,,,,,,
749,Limit ingress/egress rules for Security Groups that allow all traffic in/out to only ports and IPs necessary.,,,,,,,,,,,,,,,,
750,Limit ingress/egress rules for Security Groups that allow all traffic in/out to only ports and IPs necessary.,,,,,,,,,,,,,,,,
751,Limit ingress/egress rules for Security Groups that allow all traffic in/out to only ports and IPs necessary.,,,,,,,,,,,,,,,,
752,Limit ingress/egress rules for Security Groups that allow all traffic in/out to only ports and IPs necessary.,,,,,,,,,,,,,,,,
753,Limit ingress/egress rules for Security Groups that allow all traffic in/out to only ports and IPs necessary.,,,,,,,,,,,,,,,,
754,Limit ingress/egress rules for Security Groups that allow all traffic in/out to only ports and IPs necessary.,,,,,,,,,,,,,,,,
755,Limit ingress/egress rules for Security Groups that allow all traffic in/out to only ports and IPs necessary.,,,,,,,,,,,,,,,,
756,Check if Redshift cluster is Publicly Accessible,,,,,,,,,,,,,,,,
757,Identify and re-launch any running AWS EC2 instances older than 180 days in order to ensure their reliability. An EC2 instance is not supposed to run indefinitely in the cloud and having too old instances within your AWS your account could increase the risk of potential issues.,,,,,,,,,,,,,,,,
758,Identify and re-launch any running AWS EC2 instances older than 180 days in order to ensure their reliability. An EC2 instance is not supposed to run indefinitely in the cloud and having too old instances within your AWS your account could increase the risk of potential issues.,,,,,,,,,,,,,,,,
,,,,,,,,,,,,,,,,,
,,,,,,,,,,,,,,,,,
,,,,,,,,,,,,,,,,,
,,,,,,,,,,,,,,,,,
,,,,,,,,,,,,,,,,,
,,,,,,,,,,,,,,,,,
,,,,,,,,,,,,,,,,,
,,,,,,,,,,,,,,,,,
,,,,,,,,,,,,,,,,,
,,,,,,,,,,,,,,,,,
,,,,,,,,,,,,,,,,,
,,,,,,,,,,,,,,,,,
,,,,,,,,,,,,,,,,,
,,,,,,,,,,,,,,,,,
,,,,,,,,,,,,,,,,,
,,,,,,,,,,,,,,,,,
,,,,,,,,,,,,,,,,,
,,,,,,,,,,,,,,,,,
,,,,,,,,,,,,,,,,,
,,,,,,,,,,,,,,,,,
,,,,,,,,,,,,,,,,,
,,,,,,,,,,,,,,,,,
,,,,,,,,,,,,,,,,,
,,,,,,,,,,,,,,,,,
,,,,,,,,,,,,,,,,,
,,,,,,,,,,,,,,,,,
,,,,,,,,,,,,,,,,,
,,,,,,,,,,,,,,,,,
,,,,,,,,,,,,,,,,,
,,,,,,,,,,,,,,,,,
,,,,,,,,,,,,,,,,,
,,,,,,,,,,,,,,,,,
,,,,,,,,,,,,,,,,,
,,,,,,,,,,,,,,,,,
,,,,,,,,,,,,,,,,,
,,,,,,,,,,,,,,,,,
,,,,,,,,,,,,,,,,,
,,,,,,,,,,,,,,,,,
,,,,,,,,,,,,,,,,,
,,,,,,,,,,,,,,,,,
,,,,,,,,,,,,,,,,,
,,,,,,,,,,,,,,,,,
,,,,,,,,,,,,,,,,,
,,,,,,,,,,,,,,,,,
,,,,,,,,,,,,,,,,,
,,,,,,,,,,,,,,,,,
,,,,,,,,,,,,,,,,,
,,,,,,,,,,,,,,,,,
,,,,,,,,,,,,,,,,,
,,,,,,,,,,,,,,,,,
,,,,,,,,,,,,,,,,,
,,,,,,,,,,,,,,,,,
,,,,,,,,,,,,,,,,,
,,,,,,,,,,,,,,,,,
,,,,,,,,,,,,,,,,,
,,,,,,,,,,,,,,,,,
,,,,,,,,,,,,,,,,,
,,,,,,,,,,,,,,,,,
,,,,,,,,,,,,,,,,,
,,,,,,,,,,,,,,,,,
,,,,,,,,,,,,,,,,,
,,,,,,,,,,,,,,,,,
,,,,,,,,,,,,,,,,,
,,,,,,,,,,,,,,,,,
,,,,,,,,,,,,,,,,,
,,,,,,,,,,,,,,,,,
,,,,,,,,,,,,,,,,,
,,,,,,,,,,,,,,,,,
,,,,,,,,,,,,,,,,,
,,,,,,,,,,,,,,,,,
,,,,,,,,,,,,,,,,,
,,,,,,,,,,,,,,,,,
,,,,,,,,,,,,,,,,,
,,,,,,,,,,,,,,,,,
,,,,,,,,,,,,,,,,,
,,,,,,,,,,,,,,,,,
,,,,,,,,,,,,,,,,,
,,,,,,,,,,,,,,,,,
,,,,,,,,,,,,,,,,,
,,,,,,,,,,,,,,,,,
,,,,,,,,,,,,,,,,,
,,,,,,,,,,,,,,,,,
,,,,,,,,,,,,,,,,,
,,,,,,,,,,,,,,,,,
,,,,,,,,,,,,,,,,,
,,,,,,,,,,,,,,,,,
,,,,,,,,,,,,,,,,,
,,,,,,,,,,,,,,,,,
,,,,,,,,,,,,,,,,,
,,,,,,,,,,,,,,,,,
,,,,,,,,,,,,,,,,,
,,,,,,,,,,,,,,,,,
,,,,,,,,,,,,,,,,,
,,,,,,,,,,,,,,,,,
,,,,,,,,,,,,,,,,,
,,,,,,,,,,,,,,,,,
,,,,,,,,,,,,,,,,,
,,,,,,,,,,,,,,,,,
,,,,,,,,,,,,,,,,,
,,,,,,,,,,,,,,,,,
,,,,,,,,,,,,,,,,,
,,,,,,,,,,,,,,,,,
,,,,,,,,,,,,,,,,,
,,,,,,,,,,,,,,,,,
,,,,,,,,,,,,,,,,,
,,,,,,,,,,,,,,,,,
,,,,,,,,,,,,,,,,,
,,,,,,,,,,,,,,,,,
,,,,,,,,,,,,,,,,,
,,,,,,,,,,,,,,,,,
,,,,,,,,,,,,,,,,,
,,,,,,,,,,,,,,,,,
,,,,,,,,,,,,,,,,,
,,,,,,,,,,,,,,,,,
,,,,,,,,,,,,,,,,,
,,,,,,,,,,,,,,,,,
,,,,,,,,,,,,,,,,,
,,,,,,,,,,,,,,,,,
,,,,,,,,,,,,,,,,,
,,,,,,,,,,,,,,,,,
,,,,,,,,,,,,,,,,,
,,,,,,,,,,,,,,,,,
,,,,,,,,,,,,,,,,,
,,,,,,,,,,,,,,,,,
,,,,,,,,,,,,,,,,,
,,,,,,,,,,,,,,,,,
,,,,,,,,,,,,,,,,,
,,,,,,,,,,,,,,,,,
,,,,,,,,,,,,,,,,,
,,,,,,,,,,,,,,,,,
,,,,,,,,,,,,,,,,,
,,,,,,,,,,,,,,,,,
,,,,,,,,,,,,,,,,,
,,,,,,,,,,,,,,,,,
,,,,,,,,,,,,,,,,,
,,,,,,,,,,,,,,,,,
,,,,,,,,,,,,,,,,,
,,,,,,,,,,,,,,,,,
,,,,,,,,,,,,,,,,,
,,,,,,,,,,,,,,,,,
,,,,,,,,,,,,,,,,,
,,,,,,,,,,,,,,,,,
,,,,,,,,,,,,,,,,,
,,,,,,,,,,,,,,,,,
,,,,,,,,,,,,,,,,,
,,,,,,,,,,,,,,,,,
,,,,,,,,,,,,,,,,,
,,,,,,,,,,,,,,,,,
,,,,,,,,,,,,,,,,,
,,,,,,,,,,,,,,,,,
,,,,,,,,,,,,,,,,,
,,,,,,,,,,,,,,,,,
,,,,,,,,,,,,,,,,,
,,,,,,,,,,,,,,,,,
,,,,,,,,,,,,,,,,,
,,,,,,,,,,,,,,,,,
,,,,,,,,,,,,,,,,,
,,,,,,,,,,,,,,,,,
,,,,,,,,,,,,,,,,,
,,,,,,,,,,,,,,,,,
,,,,,,,,,,,,,,,,,
,,,,,,,,,,,,,,,,,
,,,,,,,,,,,,,,,,,
,,,,,,,,,,,,,,,,,
,,,,,,,,,,,,,,,,,
,,,,,,,,,,,,,,,,,
,,,,,,,,,,,,,,,,,
,,,,,,,,,,,,,,,,,
,,,,,,,,,,,,,,,,,
,,,,,,,,,,,,,,,,,
,,,,,,,,,,,,,,,,,
,,,,,,,,,,,,,,,,,
,,,,,,,,,,,,,,,,,
,,,,,,,,,,,,,,,,,
,,,,,,,,,,,,,,,,,
,,,,,,,,,,,,,,,,,
,,,,,,,,,,,,,,,,,
,,,,,,,,,,,,,,,,,
,,,,,,,,,,,,,,,,,
,,,,,,,,,,,,,,,,,
,,,,,,,,,,,,,,,,,
,,,,,,,,,,,,,,,,,
,,,,,,,,,,,,,,,,,
,,,,,,,,,,,,,,,,,
,,,,,,,,,,,,,,,,,
,,,,,,,,,,,,,,,,,
,,,,,,,,,,,,,,,,,
,,,,,,,,,,,,,,,,,
,,,,,,,,,,,,,,,,,
,,,,,,,,,,,,,,,,,
,,,,,,,,,,,,,,,,,
,,,,,,,,,,,,,,,,,
,,,,,,,,,,,,,,,,,
,,,,,,,,,,,,,,,,,
,,,,,,,,,,,,,,,,,
,,,,,,,,,,,,,,,,,
,,,,,,,,,,,,,,,,,
,,,,,,,,,,,,,,,,,
,,,,,,,,,,,,,,,,,
,,,,,,,,,,,,,,,,,
,,,,,,,,,,,,,,,,,
,,,,,,,,,,,,,,,,,
,,,,,,,,,,,,,,,,,
,,,,,,,,,,,,,,,,,
,,,,,,,,,,,,,,,,,
,,,,,,,,,,,,,,,,,
,,,,,,,,,,,,,,,,,
,,,,,,,,,,,,,,,,,
,,,,,,,,,,,,,,,,,
,,,,,,,,,,,,,,,,,
,,,,,,,,,,,,,,,,,
,,,,,,,,,,,,,,,,,
,,,,,,,,,,,,,,,,,
,,,,,,,,,,,,,,,,,
,,,,,,,,,,,,,,,,,
,,,,,,,,,,,,,,,,,
,,,,,,,,,,,,,,,,,
,,,,,,,,,,,,,,,,,
,,,,,,,,,,,,,,,,,
,,,,,,,,,,,,,,,,,
,,,,,,,,,,,,,,,,,
,,,,,,,,,,,,,,,,,
,,,,,,,,,,,,,,,,,
,,,,,,,,,,,,,,,,,
,,,,,,,,,,,,,,,,,
,,,,,,,,,,,,,,,,,
,,,,,,,,,,,,,,,,,
,,,,,,,,,,,,,,,,,
,,,,,,,,,,,,,,,,,
,,,,,,,,,,,,,,,,,
,,,,,,,,,,,,,,,,,
,,,,,,,,,,,,,,,,,
,,,,,,,,,,,,,,,,,
,,,,,,,,,,,,,,,,,
,,,,,,,,,,,,,,,,,
,,,,,,,,,,,,,,,,,
,,,,,,,,,,,,,,,,,
,,,,,,,,,,,,,,,,,
,,,,,,,,,,,,,,,,,
,,,,,,,,,,,,,,,,,
,,,,,,,,,,,,,,,,,
,,,,,,,,,,,,,,,,,
,,,,,,,,,,,,,,,,,
,,,,,,,,,,,,,,,,,
,,,,,,,,,,,,,,,,,
,,,,,,,,,,,,,,,,,
,,,,,,,,,,,,,,,,,
,,,,,,,,,,,,,,,,,
,,,,,,,,,,,,,,,,,
,,,,,,,,,,,,,,,,,
,,,,,,,,,,,,,,,,,
,,,,,,,,,,,,,,,,,
,,,,,,,,,,,,,,,,,
,,,,,,,,,,,,,,,,,
,,,,,,,,,,,,,,,,,
,,,,,,,,,,,,,,,,,
,,,,,,,,,,,,,,,,,
,,,,,,,,,,,,,,,,,
,,,,,,,,,,,,,,,,,
,,,,,,,,,,,,,,,,,
,,,,,,,,,,,,,,,,,
,,,,,,,,,,,,,,,,,
,,,,,,,,,,,,,,,,,
,,,,,,,,,,,,,,,,,
,,,,,,,,,,,,,,,,,
,,,,,,,,,,,,,,,,,
,,,,,,,,,,,,,,,,,
,,,,,,,,,,,,,,,,,
,,,,,,,,,,,,,,,,,
,,,,,,,,,,,,,,,,,
,,,,,,,,,,,,,,,,,
,,,,,,,,,,,,,,,,,
,,,,,,,,,,,,,,,,,
,,,,,,,,,,,,,,,,,
,,,,,,,,,,,,,,,,,
,,,,,,,,,,,,,,,,,
,,,,,,,,,,,,,,,,,
,,,,,,,,,,,,,,,,,
,,,,,,,,,,,,,,,,,
,,,,,,,,,,,,,,,,,
,,,,,,,,,,,,,,,,,
,,,,,,,,,,,,,,,,,
,,,,,,,,,,,,,,,,,
,,,,,,,,,,,,,,,,,
,,,,,,,,,,,,,,,,,
,,,,,,,,,,,,,,,,,
,,,,,,,,,,,,,,,,,
,,,,,,,,,,,,,,,,,
,,,,,,,,,,,,,,,,,
,,,,,,,,,,,,,,,,,
,,,,,,,,,,,,,,,,,
,,,,,,,,,,,,,,,,,
,,,,,,,,,,,,,,,,,
,,,,,,,,,,,,,,,,,
,,,,,,,,,,,,,,,,,
,,,,,,,,,,,,,,,,,
,,,,,,,,,,,,,,,,,
,,,,,,,,,,,,,,,,,
,,,,,,,,,,,,,,,,,
,,,,,,,,,,,,,,,,,
,,,,,,,,,,,,,,,,,
,,,,,,,,,,,,,,,,,
,,,,,,,,,,,,,,,,,
,,,,,,,,,,,,,,,,,
,,,,,,,,,,,,,,,,,
,,,,,,,,,,,,,,,,,
,,,,,,,,,,,,,,,,,
,,,,,,,,,,,,,,,,,
,,,,,,,,,,,,,,,,,
,,,,,,,,,,,,,,,,,
,,,,,,,,,,,,,,,,,
,,,,,,,,,,,,,,,,,
,,,,,,,,,,,,,,,,,
,,,,,,,,,,,,,,,,,
,,,,,,,,,,,,,,,,,
,,,,,,,,,,,,,,,,,
,,,,,,,,,,,,,,,,,
,,,,,,,,,,,,,,,,,
,,,,,,,,,,,,,,,,,
,,,,,,,,,,,,,,,,,
,,,,,,,,,,,,,,,,,
,,,,,,,,,,,,,,,,,
,,,,,,,,,,,,,,,,,
,,,,,,,,,,,,,,,,,
,,,,,,,,,,,,,,,,,
,,,,,,,,,,,,,,,,,
,,,,,,,,,,,,,,,,,
,,,,,,,,,,,,,,,,,
,,,,,,,,,,,,,,,,,
,,,,,,,,,,,,,,,,,
,,,,,,,,,,,,,,,,,
,,,,,,,,,,,,,,,,,
,,,,,,,,,,,,,,,,,
,,,,,,,,,,,,,,,,,
,,,,,,,,,,,,,,,,,
,,,,,,,,,,,,,,,,,
,,,,,,,,,,,,,,,,,
,,,,,,,,,,,,,,,,,
,,,,,,,,,,,,,,,,,
,,,,,,,,,,,,,,,,,
,,,,,,,,,,,,,,,,,
,,,,,,,,,,,,,,,,,
,,,,,,,,,,,,,,,,,
,,,,,,,,,,,,,,,,,
,,,,,,,,,,,,,,,,,
,,,,,,,,,,,,,,,,,
,,,,,,,,,,,,,,,,,
,,,,,,,,,,,,,,,,,
,,,,,,,,,,,,,,,,,
,,,,,,,,,,,,,,,,,
,,,,,,,,,,,,,,,,,
,,,,,,,,,,,,,,,,,
,,,,,,,,,,,,,,,,,
,,,,,,,,,,,,,,,,,
,,,,,,,,,,,,,,,,,
,,,,,,,,,,,,,,,,,
,,,,,,,,,,,,,,,,,
,,,,,,,,,,,,,,,,,
,,,,,,,,,,,,,,,,,
,,,,,,,,,,,,,,,,,
,,,,,,,,,,,,,,,,,
,,,,,,,,,,,,,,,,,
,,,,,,,,,,,,,,,,,
,,,,,,,,,,,,,,,,,
,,,,,,,,,,,,,,,,,
,,,,,,,,,,,,,,,,,
,,,,,,,,,,,,,,,,,
,,,,,,,,,,,,,,,,,
,,,,,,,,,,,,,,,,,
,,,,,,,,,,,,,,,,,
,,,,,,,,,,,,,,,,,
,,,,,,,,,,,,,,,,,
,,,,,,,,,,,,,,,,,
,,,,,,,,,,,,,,,,,
,,,,,,,,,,,,,,,,,
,,,,,,,,,,,,,,,,,
,,,,,,,,,,,,,,,,,
,,,,,,,,,,,,,,,,,
,,,,,,,,,,,,,,,,,
,,,,,,,,,,,,,,,,,
,,,,,,,,,,,,,,,,,
,,,,,,,,,,,,,,,,,
,,,,,,,,,,,,,,,,,
,,,,,,,,,,,,,,,,,
,,,,,,,,,,,,,,,,,
,,,,,,,,,,,,,,,,,
,,,,,,,,,,,,,,,,,
,,,,,,,,,,,,,,,,,
,,,,,,,,,,,,,,,,,
,,,,,,,,,,,,,,,,,
,,,,,,,,,,,,,,,,,
,,,,,,,,,,,,,,,,,
,,,,,,,,,,,,,,,,,
,,,,,,,,,,,,,,,,,
,,,,,,,,,,,,,,,,,
,,,,,,,,,,,,,,,,,
,,,,,,,,,,,,,,,,,
,,,,,,,,,,,,,,,,,
,,,,,,,,,,,,,,,,,
,,,,,,,,,,,,,,,,,
,,,,,,,,,,,,,,,,,
,,,,,,,,,,,,,,,,,
,,,,,,,,,,,,,,,,,
,,,,,,,,,,,,,,,,,
,,,,,,,,,,,,,,,,,
,,,,,,,,,,,,,,,,,
,,,,,,,,,,,,,,,,,
,,,,,,,,,,,,,,,,,
,,,,,,,,,,,,,,,,,
,,,,,,,,,,,,,,,,,
,,,,,,,,,,,,,,,,,
,,,,,,,,,,,,,,,,,
,,,,,,,,,,,,,,,,,
,,,,,,,,,,,,,,,,,
,,,,,,,,,,,,,,,,,
,,,,,,,,,,,,,,,,,
,,,,,,,,,,,,,,,,,
,,,,,,,,,,,,,,,,,
,,,,,,,,,,,,,,,,,
,,,,,,,,,,,,,,,,,
,,,,,,,,,,,,,,,,,
,,,,,,,,,,,,,,,,,
,,,,,,,,,,,,,,,,,
,,,,,,,,,,,,,,,,,
,,,,,,,,,,,,,,,,,
,,,,,,,,,,,,,,,,,
,,,,,,,,,,,,,,,,,
,,,,,,,,,,,,,,,,,
,,,,,,,,,,,,,,,,,
,,,,,,,,,,,,,,,,,
,,,,,,,,,,,,,,,,,
,,,,,,,,,,,,,,,,,
,,,,,,,,,,,,,,,,,
,,,,,,,,,,,,,,,,,
,,,,,,,,,,,,,,,,,
,,,,,,,,,,,,,,,,,
,,,,,,,,,,,,,,,,,
,,,,,,,,,,,,,,,,,
,,,,,,,,,,,,,,,,,
,,,,,,,,,,,,,,,,,
,,,,,,,,,,,,,,,,,
,,,,,,,,,,,,,,,,,
,,,,,,,,,,,,,,,,,
,,,,,,,,,,,,,,,,,
,,,,,,,,,,,,,,,,,
,,,,,,,,,,,,,,,,,
,,,,,,,,,,,,,,,,,
,,,,,,,,,,,,,,,,,
,,,,,,,,,,,,,,,,,
,,,,,,,,,,,,,,,,,
,,,,,,,,,,,,,,,,,
,,,,,,,,,,,,,,,,,
,,,,,,,,,,,,,,,,,
,,,,,,,,,,,,,,,,,
,,,,,,,,,,,,,,,,,
,,,,,,,,,,,,,,,,,
,,,,,,,,,,,,,,,,,
,,,,,,,,,,,,,,,,,
,,,,,,,,,,,,,,,,,
,,,,,,,,,,,,,,,,,
,,,,,,,,,,,,,,,,,
,,,,,,,,,,,,,,,,,
,,,,,,,,,,,,,,,,,
,,,,,,,,,,,,,,,,,
,,,,,,,,,,,,,,,,,
,,,,,,,,,,,,,,,,,
,,,,,,,,,,,,,,,,,
,,,,,,,,,,,,,,,,,
,,,,,,,,,,,,,,,,,
,,,,,,,,,,,,,,,,,
,,,,,,,,,,,,,,,,,
,,,,,,,,,,,,,,,,,
,,,,,,,,,,,,,,,,,
,,,,,,,,,,,,,,,,,
,,,,,,,,,,,,,,,,,
,,,,,,,,,,,,,,,,,
,,,,,,,,,,,,,,,,,
,,,,,,,,,,,,,,,,,
,,,,,,,,,,,,,,,,,
,,,,,,,,,,,,,,,,,
,,,,,,,,,,,,,,,,,
,,,,,,,,,,,,,,,,,
,,,,,,,,,,,,,,,,,
,,,,,,,,,,,,,,,,,
,,,,,,,,,,,,,,,,,
,,,,,,,,,,,,,,,,,
,,,,,,,,,,,,,,,,,
,,,,,,,,,,,,,,,,,
,,,,,,,,,,,,,,,,,
,,,,,,,,,,,,,,,,,
,,,,,,,,,,,,,,,,,
,,,,,,,,,,,,,,,,,
,,,,,,,,,,,,,,,,,
,,,,,,,,,,,,,,,,,
,,,,,,,,,,,,,,,,,
,,,,,,,,,,,,,,,,,
,,,,,,,,,,,,,,,,,
,,,,,,,,,,,,,,,,,
,,,,,,,,,,,,,,,,,
,,,,,,,,,,,,,,,,,
,,,,,,,,,,,,,,,,,
,,,,,,,,,,,,,,,,,
,,,,,,,,,,,,,,,,,
,,,,,,,,,,,,,,,,,
,,,,,,,,,,,,,,,,,
,,,,,,,,,,,,,,,,,
,,,,,,,,,,,,,,,,,
,,,,,,,,,,,,,,,,,
,,,,,,,,,,,,,,,,,
,,,,,,,,,,,,,,,,,
,,,,,,,,,,,,,,,,,
,,,,,,,,,,,,,,,,,
,,,,,,,,,,,,,,,,,
,,,,,,,,,,,,,,,,,
,,,,,,,,,,,,,,,,,
,,,,,,,,,,,,,,,,,
,,,,,,,,,,,,,,,,,
,,,,,,,,,,,,,,,,,
,,,,,,,,,,,,,,,,,
,,,,,,,,,,,,,,,,,
,,,,,,,,,,,,,,,,,
,,,,,,,,,,,,,,,,,
,,,,,,,,,,,,,,,,,
,,,,,,,,,,,,,,,,,
,,,,,,,,,,,,,,,,,
,,,,,,,,,,,,,,,,,
,,,,,,,,,,,,,,,,,
,,,,,,,,,,,,,,,,,
,,,,,,,,,,,,,,,,,
,,,,,,,,,,,,,,,,,
,,,,,,,,,,,,,,,,,
,,,,,,,,,,,,,,,,,
,,,,,,,,,,,,,,,,,
,,,,,,,,,,,,,,,,,
,,,,,,,,,,,,,,,,,
,,,,,,,,,,,,,,,,,
,,,,,,,,,,,,,,,,,
,,,,,,,,,,,,,,,,,
,,,,,,,,,,,,,,,,,
,,,,,,,,,,,,,,,,,
,,,,,,,,,,,,,,,,,
,,,,,,,,,,,,,,,,,
,,,,,,,,,,,,,,,,,
,,,,,,,,,,,,,,,,,
,,,,,,,,,,,,,,,,,
,,,,,,,,,,,,,,,,,
,,,,,,,,,,,,,,,,,
,,,,,,,,,,,,,,,,,
,,,,,,,,,,,,,,,,,
,,,,,,,,,,,,,,,,,
,,,,,,,,,,,,,,,,,
,,,,,,,,,,,,,,,,,
,,,,,,,,,,,,,,,,,
,,,,,,,,,,,,,,,,,
,,,,,,,,,,,,,,,,,
,,,,,,,,,,,,,,,,,
,,,,,,,,,,,,,,,,,
,,,,,,,,,,,,,,,,,
,,,,,,,,,,,,,,,,,
,,,,,,,,,,,,,,,,,
,,,,,,,,,,,,,,,,,
,,,,,,,,,,,,,,,,,
,,,,,,,,,,,,,,,,,
,,,,,,,,,,,,,,,,,
,,,,,,,,,,,,,,,,,
,,,,,,,,,,,,,,,,,
,,,,,,,,,,,,,,,,,
,,,,,,,,,,,,,,,,,
,,,,,,,,,,,,,,,,,
,,,,,,,,,,,,,,,,,
,,,,,,,,,,,,,,,,,
,,,,,,,,,,,,,,,,,
,,,,,,,,,,,,,,,,,
,,,,,,,,,,,,,,,,,
,,,,,,,,,,,,,,,,,
,,,,,,,,,,,,,,,,,
,,,,,,,,,,,,,,,,,
,,,,,,,,,,,,,,,,,
,,,,,,,,,,,,,,,,,
,,,,,,,,,,,,,,,,,
,,,,,,,,,,,,,,,,,
,,,,,,,,,,,,,,,,,
,,,,,,,,,,,,,,,,,
,,,,,,,,,,,,,,,,,
,,,,,,,,,,,,,,,,,
,,,,,,,,,,,,,,,,,
,,,,,,,,,,,,,,,,,
,,,,,,,,,,,,,,,,,
,,,,,,,,,,,,,,,,,
,,,,,,,,,,,,,,,,,
,,,,,,,,,,,,,,,,,
,,,,,,,,,,,,,,,,,
,,,,,,,,,,,,,,,,,
,,,,,,,,,,,,,,,,,
,,,,,,,,,,,,,,,,,
,,,,,,,,,,,,,,,,,
,,,,,,,,,,,,,,,,,
,,,,,,,,,,,,,,,,,
,,,,,,,,,,,,,,,,,
,,,,,,,,,,,,,,,,,
,,,,,,,,,,,,,,,,,
,,,,,,,,,,,,,,,,,
,,,,,,,,,,,,,,,,,
,,,,,,,,,,,,,,,,,
,,,,,,,,,,,,,,,,,
,,,,,,,,,,,,,,,,,
,,,,,,,,,,,,,,,,,
,,,,,,,,,,,,,,,,,
,,,,,,,,,,,,,,,,,
,,,,,,,,,,,,,,,,,
,,,,,,,,,,,,,,,,,
,,,,,,,,,,,,,,,,,
,,,,,,,,,,,,,,,,,
,,,,,,,,,,,,,,,,,
,,,,,,,,,,,,,,,,,
,,,,,,,,,,,,,,,,,
,,,,,,,,,,,,,,,,,
,,,,,,,,,,,,,,,,,
,,,,,,,,,,,,,,,,,
,,,,,,,,,,,,,,,,,
,,,,,,,,,,,,,,,,,
,,,,,,,,,,,,,,,,,
,,,,,,,,,,,,,,,,,
,,,,,,,,,,,,,,,,,
,,,,,,,,,,,,,,,,,
,,,,,,,,,,,,,,,,,
,,,,,,,,,,,,,,,,,
,,,,,,,,,,,,,,,,,
,,,,,,,,,,,,,,,,,
,,,,,,,,,,,,,,,,,
,,,,,,,,,,,,,,,,,
,,,,,,,,,,,,,,,,,
,,,,,,,,,,,,,,,,,
,,,,,,,,,,,,,,,,,
,,,,,,,,,,,,,,,,,
,,,,,,,,,,,,,,,,,
,,,,,,,,,,,,,,,,,
,,,,,,,,,,,,,,,,,
,,,,,,,,,,,,,,,,,
,,,,,,,,,,,,,,,,,
,,,,,,,,,,,,,,,,,
,,,,,,,,,,,,,,,,,
,,,,,,,,,,,,,,,,,
,,,,,,,,,,,,,,,,,
,,,,,,,,,,,,,,,,,
,,,,,,,,,,,,,,,,,
,,,,,,,,,,,,,,,,,
,,,,,,,,,,,,,,,,,
,,,,,,,,,,,,,,,,,
,,,,,,,,,,,,,,,,,
,,,,,,,,,,,,,,,,,
,,,,,,,,,,,,,,,,,
,,,,,,,,,,,,,,,,,
,,,,,,,,,,,,,,,,,
,,,,,,,,,,,,,,,,,
,,,,,,,,,,,,,,,,,
,,,,,,,,,,,,,,,,,
,,,,,,,,,,,,,,,,,
,,,,,,,,,,,,,,,,,
,,,,,,,,,,,,,,,,,
,,,,,,,,,,,,,,,,,
,,,,,,,,,,,,,,,,,
,,,,,,,,,,,,,,,,,
,,,,,,,,,,,,,,,,,
,,,,,,,,,,,,,,,,,
,,,,,,,,,,,,,,,,,
,,,,,,,,,,,,,,,,,
,,,,,,,,,,,,,,,,,
,,,,,,,,,,,,,,,,,
,,,,,,,,,,,,,,,,,
,,,,,,,,,,,,,,,,,
,,,,,,,,,,,,,,,,,
,,,,,,,,,,,,,,,,,
,,,,,,,,,,,,,,,,,
,,,,,,,,,,,,,,,,,
,,,,,,,,,,,,,,,,,
,,,,,,,,,,,,,,,,,
,,,,,,,,,,,,,,,,,
,,,,,,,,,,,,,,,,,
,,,,,,,,,,,,,,,,,
,,,,,,,,,,,,,,,,,
,,,,,,,,,,,,,,,,,
,,,,,,,,,,,,,,,,,
,,,,,,,,,,,,,,,,,
,,,,,,,,,,,,,,,,,
,,,,,,,,,,,,,,,,,
,,,,,,,,,,,,,,,,,
,,,,,,,,,,,,,,,,,
,,,,,,,,,,,,,,,,,
,,,,,,,,,,,,,,,,,
,,,,,,,,,,,,,,,,,
,,,,,,,,,,,,,,,,,
,,,,,,,,,,,,,,,,,
,,,,,,,,,,,,,,,,,
,,,,,,,,,,,,,,,,,
,,,,,,,,,,,,,,,,,
,,,,,,,,,,,,,,,,,
,,,,,,,,,,,,,,,,,
,,,,,,,,,,,,,,,,,
,,,,,,,,,,,,,,,,,
,,,,,,,,,,,,,,,,,
,,,,,,,,,,,,,,,,,
,,,,,,,,,,,,,,,,,
,,,,,,,,,,,,,,,,,
,,,,,,,,,,,,,,,,,
,,,,,,,,,,,,,,,,,
,,,,,,,,,,,,,,,,,
,,,,,,,,,,,,,,,,,
,,,,,,,,,,,,,,,,,
,,,,,,,,,,,,,,,,,
,,,,,,,,,,,,,,,,,
,,,,,,,,,,,,,,,,,
,,,,,,,,,,,,,,,,,
,,,,,,,,,,,,,,,,,
,,,,,,,,,,,,,,,,,
,,,,,,,,,,,,,,,,,
,,,,,,,,,,,,,,,,,
,,,,,,,,,,,,,,,,,
,,,,,,,,,,,,,,,,,
,,,,,,,,,,,,,,,,,
,,,,,,,,,,,,,,,,,
,,,,,,,,,,,,,,,,,
,,,,,,,,,,,,,,,,,
,,,,,,,,,,,,,,,,,
,,,,,,,,,,,,,,,,,
,,,,,,,,,,,,,,,,,
,,,,,,,,,,,,,,,,,
,,,,,,,,,,,,,,,,,
,,,,,,,,,,,,,,,,,
,,,,,,,,,,,,,,,,,
,,,,,,,,,,,,,,,,,
,,,,,,,,,,,,,,,,,
,,,,,,,,,,,,,,,,,
,,,,,,,,,,,,,,,,,
,,,,,,,,,,,,,,,,,
,,,,,,,,,,,,,,,,,
,,,,,,,,,,,,,,,,,
,,,,,,,,,,,,,,,,,
,,,,,,,,,,,,,,,,,
,,,,,,,,,,,,,,,,,
,,,,,,,,,,,,,,,,,
,,,,,,,,,,,,,,,,,
,,,,,,,,,,,,,,,,,
,,,,,,,,,,,,,,,,,
,,,,,,,,,,,,,,,,,
,,,,,,,,,,,,,,,,,
,,,,,,,,,,,,,,,,,
,,,,,,,,,,,,,,,,,
,,,,,,,,,,,,,,,,,
,,,,,,,,,,,,,,,,,
,,,,,,,,,,,,,,,,,
,,,,,,,,,,,,,,,,,
,,,,,,,,,,,,,,,,,
,,,,,,,,,,,,,,,,,
,,,,,,,,,,,,,,,,,
,,,,,,,,,,,,,,,,,
,,,,,,,,,,,,,,,,,
,,,,,,,,,,,,,,,,,
,,,,,,,,,,,,,,,,,
,,,,,,,,,,,,,,,,,
,,,,,,,,,,,,,,,,,
,,,,,,,,,,,,,,,,,
,,,,,,,,,,,,,,,,,
,,,,,,,,,,,,,,,,,
,,,,,,,,,,,,,,,,,
,,,,,,,,,,,,,,,,,
,,,,,,,,,,,,,,,,,
,,,,,,,,,,,,,,,,,
,,,,,,,,,,,,,,,,,
,,,,,,,,,,,,,,,,,
,,,,,,,,,,,,,,,,,
,,,,,,,,,,,,,,,,,
,,,,,,,,,,,,,,,,,
,,,,,,,,,,,,,,,,,
,,,,,,,,,,,,,,,,,
,,,,,,,,,,,,,,,,,
,,,,,,,,,,,,,,,,,
,,,,,,,,,,,,,,,,,
,,,,,,,,,,,,,,,,,
,,,,,,,,,,,,,,,,,
,,,,,,,,,,,,,,,,,
,,,,,,,,,,,,,,,,,
,,,,,,,,,,,,,,,,,
,,,,,,,,,,,,,,,,,
,,,,,,,,,,,,,,,,,
,,,,,,,,,,,,,,,,,
,,,,,,,,,,,,,,,,,
,,,,,,,,,,,,,,,,,
,,,,,,,,,,,,,,,,,
,,,,,,,,,,,,,,,,,
,,,,,,,,,,,,,,,,,
,,,,,,,,,,,,,,,,,
,,,,,,,,,,,,,,,,,
,,,,,,,,,,,,,,,,,
,,,,,,,,,,,,,,,,,
,,,,,,,,,,,,,,,,,
,,,,,,,,,,,,,,,,,
,,,,,,,,,,,,,,,,,
,,,,,,,,,,,,,,,,,
,,,,,,,,,,,,,,,,,
,,,,,,,,,,,,,,,,,
,,,,,,,,,,,,,,,,,
,,,,,,,,,,,,,,,,,
,,,,,,,,,,,,,,,,,
,,,,,,,,,,,,,,,,,
,,,,,,,,,,,,,,,,,
,,,,,,,,,,,,,,,,,
,,,,,,,,,,,,,,,,,
,,,,,,,,,,,,,,,,,
,,,,,,,,,,,,,,,,,
,,,,,,,,,,,,,,,,,
,,,,,,,,,,,,,,,,,
,,,,,,,,,,,,,,,,,
,,,,,,,,,,,,,,,,,
,,,,,,,,,,,,,,,,,
,,,,,,,,,,,,,,,,,
,,,,,,,,,,,,,,,,,
,,,,,,,,,,,,,,,,,
,,,,,,,,,,,,,,,,,
,,,,,,,,,,,,,,,,,
,,,,,,,,,,,,,,,,,
,,,,,,,,,,,,,,,,,
,,,,,,,,,,,,,,,,,
,,,,,,,,,,,,,,,,,
,,,,,,,,,,,,,,,,,
,,,,,,,,,,,,,,,,,
,,,,,,,,,,,,,,,,,
,,,,,,,,,,,,,,,,,
,,,,,,,,,,,,,,,,,
,,,,,,,,,,,,,,,,,
,,,,,,,,,,,,,,,,,
,,,,,,,,,,,,,,,,,
,,,,,,,,,,,,,,,,,
,,,,,,,,,,,,,,,,,
,,,,,,,,,,,,,,,,,
,,,,,,,,,,,,,,,,,
,,,,,,,,,,,,,,,,,
,,,,,,,,,,,,,,,,,
,,,,,,,,,,,,,,,,,
,,,,,,,,,,,,,,,,,
,,,,,,,,,,,,,,,,,
,,,,,,,,,,,,,,,,,
,,,,,,,,,,,,,,,,,
,,,,,,,,,,,,,,,,,
,,,,,,,,,,,,,,,,,
,,,,,,,,,,,,,,,,,
,,,,,,,,,,,,,,,,,
,,,,,,,,,,,,,,,,,
,,,,,,,,,,,,,,,,,
,,,,,,,,,,,,,,,,,
,,,,,,,,,,,,,,,,,
,,,,,,,,,,,,,,,,,
,,,,,,,,,,,,,,,,,
,,,,,,,,,,,,,,,,,
,,,,,,,,,,,,,,,,,
,,,,,,,,,,,,,,,,,
,,,,,,,,,,,,,,,,,
,,,,,,,,,,,,,,,,,
,,,,,,,,,,,,,,,,,
,,,,,,,,,,,,,,,,,
,,,,,,,,,,,,,,,,,
,,,,,,,,,,,,,,,,,
,,,,,,,,,,,,,,,,,
,,,,,,,,,,,,,,,,,
,,,,,,,,,,,,,,,,,
,,,,,,,,,,,,,,,,,
,,,,,,,,,,,,,,,,,
,,,,,,,,,,,,,,,,,
,,,,,,,,,,,,,,,,,
,,,,,,,,,,,,,,,,,
,,,,,,,,,,,,,,,,,
,,,,,,,,,,,,,,,,,
,,,,,,,,,,,,,,,,,
,,,,,,,,,,,,,,,,,
,,,,,,,,,,,,,,,,,
,,,,,,,,,,,,,,,,,
,,,,,,,,,,,,,,,,,
,,,,,,,,,,,,,,,,,
,,,,,,,,,,,,,,,,,
,,,,,,,,,,,,,,,,,
,,,,,,,,,,,,,,,,,
,,,,,,,,,,,,,,,,,
,,,,,,,,,,,,,,,,,
,,,,,,,,,,,,,,,,,
,,,,,,,,,,,,,,,,,
,,,,,,,,,,,,,,,,,
,,,,,,,,,,,,,,,,,
,,,,,,,,,,,,,,,,,
,,,,,,,,,,,,,,,,,
,,,,,,,,,,,,,,,,,
,,,,,,,,,,,,,,,,,
,,,,,,,,,,,,,,,,,
,,,,,,,,,,,,,,,,,
,,,,,,,,,,,,,,,,,
,,,,,,,,,,,,,,,,,
,,,,,,,,,,,,,,,,,
,,,,,,,,,,,,,,,,,
,,,,,,,,,,,,,,,,,
,,,,,,,,,,,,,,,,,
,,,,,,,,,,,,,,,,,
,,,,,,,,,,,,,,,,,
,,,,,,,,,,,,,,,,,
,,,,,,,,,,,,,,,,,
,,,,,,,,,,,,,,,,,
,,,,,,,,,,,,,,,,,
,,,,,,,,,,,,,,,,,
,,,,,,,,,,,,,,,,,
,,,,,,,,,,,,,,,,,
,,,,,,,,,,,,,,,,,
,,,,,,,,,,,,,,,,,
,,,,,,,,,,,,,,,,,
,,,,,,,,,,,,,,,,,
,,,,,,,,,,,,,,,,,
,,,,,,,,,,,,,,,,,
,,,,,,,,,,,,,,,,,
,,,,,,,,,,,,,,,,,
,,,,,,,,,,,,,,,,,
,,,,,,,,,,,,,,,,,
,,,,,,,,,,,,,,,,,
,,,,,,,,,,,,,,,,,
,,,,,,,,,,,,,,,,,
,,,,,,,,,,,,,,,,,
,,,,,,,,,,,,,,,,,
,,,,,,,,,,,,,,,,,
,,,,,,,,,,,,,,,,,
,,,,,,,,,,,,,,,,,
,,,,,,,,,,,,,,,,,
,,,,,,,,,,,,,,,,,
,,,,,,,,,,,,,,,,,
,,,,,,,,,,,,,,,,,
,,,,,,,,,,,,,,,,,
,,,,,,,,,,,,,,,,,
,,,,,,,,,,,,,,,,,
,,,,,,,,,,,,,,,,,
,,,,,,,,,,,,,,,,,
,,,,,,,,,,,,,,,,,
,,,,,,,,,,,,,,,,,
,,,,,,,,,,,,,,,,,
,,,,,,,,,,,,,,,,,
,,,,,,,,,,,,,,,,,
,,,,,,,,,,,,,,,,,
,,,,,,,,,,,,,,,,,
,,,,,,,,,,,,,,,,,
,,,,,,,,,,,,,,,,,
,,,,,,,,,,,,,,,,,
,,,,,,,,,,,,,,,,,
,,,,,,,,,,,,,,,,,
,,,,,,,,,,,,,,,,,
,,,,,,,,,,,,,,,,,
,,,,,,,,,,,,,,,,,
,,,,,,,,,,,,,,,,,
,,,,,,,,,,,,,,,,,
,,,,,,,,,,,,,,,,,
,,,,,,,,,,,,,,,,,
,,,,,,,,,,,,,,,,,
,,,,,,,,,,,,,,,,,
,,,,,,,,,,,,,,,,,
,,,,,,,,,,,,,,,,,
,,,,,,,,,,,,,,,,,
,,,,,,,,,,,,,,,,,
,,,,,,,,,,,,,,,,,
,,,,,,,,,,,,,,,,,
,,,,,,,,,,,,,,,,,
,,,,,,,,,,,,,,,,,
,,,,,,,,,,,,,,,,,
,,,,,,,,,,,,,,,,,
,,,,,,,,,,,,,,,,,
,,,,,,,,,,,,,,,,,
,,,,,,,,,,,,,,,,,
,,,,,,,,,,,,,,,,,
,,,,,,,,,,,,,,,,,
,,,,,,,,,,,,,,,,,
,,,,,,,,,,,,,,,,,
,,,,,,,,,,,,,,,,,
,,,,,,,,,,,,,,,,,
,,,,,,,,,,,,,,,,,
,,,,,,,,,,,,,,,,,
,,,,,,,,,,,,,,,,,
,,,,,,,,,,,,,,,,,
,,,,,,,,,,,,,,,,,
,,,,,,,,,,,,,,,,,
,,,,,,,,,,,,,,,,,
,,,,,,,,,,,,,,,,,
,,,,,,,,,,,,,,,,,
,,,,,,,,,,,,,,,,,
,,,,,,,,,,,,,,,,,
,,,,,,,,,,,,,,,,,
,,,,,,,,,,,,,,,,,
,,,,,,,,,,,,,,,,,
,,,,,,,,,,,,,,,,,
,,,,,,,,,,,,,,,,,
,,,,,,,,,,,,,,,,,
,,,,,,,,,,,,,,,,,
,,,,,,,,,,,,,,,,,
,,,,,,,,,,,,,,,,,
,,,,,,,,,,,,,,,,,
,,,,,,,,,,,,,,,,,
,,,,,,,,,,,,,,,,,
,,,,,,,,,,,,,,,,,
,,,,,,,,,,,,,,,,,
,,,,,,,,,,,,,,,,,
,,,,,,,,,,,,,,,,,
,,,,,,,,,,,,,,,,,
,,,,,,,,,,,,,,,,,
,,,,,,,,,,,,,,,,,
,,,,,,,,,,,,,,,,,
,,,,,,,,,,,,,,,,,
,,,,,,,,,,,,,,,,,
,,,,,,,,,,,,,,,,,
,,,,,,,,,,,,,,,,,
,,,,,,,,,,,,,,,,,
,,,,,,,,,,,,,,,,,
,,,,,,,,,,,,,,,,,
,,,,,,,,,,,,,,,,,
,,,,,,,,,,,,,,,,,
,,,,,,,,,,,,,,,,,
,,,,,,,,,,,,,,,,,
,,,,,,,,,,,,,,,,,
,,,,,,,,,,,,,,,,,
,,,,,,,,,,,,,,,,,
,,,,,,,,,,,,,,,,,
,,,,,,,,,,,,,,,,,
,,,,,,,,,,,,,,,,,
,,,,,,,,,,,,,,,,,
,,,,,,,,,,,,,,,,,
,,,,,,,,,,,,,,,,,
,,,,,,,,,,,,,,,,,
,,,,,,,,,,,,,,,,,
,,,,,,,,,,,,,,,,,
,,,,,,,,,,,,,,,,,
,,,,,,,,,,,,,,,,,
,,,,,,,,,,,,,,,,,
,,,,,,,,,,,,,,,,,
,,,,,,,,,,,,,,,,,
,,,,,,,,,,,,,,,,,
,,,,,,,,,,,,,,,,,
,,,,,,,,,,,,,,,,,
,,,,,,,,,,,,,,,,,
,,,,,,,,,,,,,,,,,
,,,,,,,,,,,,,,,,,
,,,,,,,,,,,,,,,,,
,,,,,,,,,,,,,,,,,
,,,,,,,,,,,,,,,,,
,,,,,,,,,,,,,,,,,
,,,,,,,,,,,,,,,,,
,,,,,,,,,,,,,,,,,
,,,,,,,,,,,,,,,,,
,,,,,,,,,,,,,,,,,
,,,,,,,,,,,,,,,,,
,,,,,,,,,,,,,,,,,
,,,,,,,,,,,,,,,,,
,,,,,,,,,,,,,,,,,
,,,,,,,,,,,,,,,,,
,,,,,,,,,,,,,,,,,
,,,,,,,,,,,,,,,,,
,,,,,,,,,,,,,,,,,
,,,,,,,,,,,,,,,,,
,,,,,,,,,,,,,,,,,
,,,,,,,,,,,,,,,,,
,,,,,,,,,,,,,,,,,
,,,,,,,,,,,,,,,,,
,,,,,,,,,,,,,,,,,
,,,,,,,,,,,,,,,,,
,,,,,,,,,,,,,,,,,
,,,,,,,,,,,,,,,,,
,,,,,,,,,,,,,,,,,
,,,,,,,,,,,,,,,,,
,,,,,,,,,,,,,,,,,
,,,,,,,,,,,,,,,,,
,,,,,,,,,,,,,,,,,
,,,,,,,,,,,,,,,,,
,,,,,,,,,,,,,,,,,
,,,,,,,,,,,,,,,,,
,,,,,,,,,,,,,,,,,
,,,,,,,,,,,,,,,,,
,,,,,,,,,,,,,,,,,
,,,,,,,,,,,,,,,,,
,,,,,,,,,,,,,,,,,
,,,,,,,,,,,,,,,,,
,,,,,,,,,,,,,,,,,
,,,,,,,,,,,,,,,,,
,,,,,,,,,,,,,,,,,
,,,,,,,,,,,,,,,,,
,,,,,,,,,,,,,,,,,
,,,,,,,,,,,,,,,,,
,,,,,,,,,,,,,,,,,
,,,,,,,,,,,,,,,,,
,,,,,,,,,,,,,,,,,
,,,,,,,,,,,,,,,,,
,,,,,,,,,,,,,,,,,
,,,,,,,,,,,,,,,,,
,,,,,,,,,,,,,,,,,
,,,,,,,,,,,,,,,,,
,,,,,,,,,,,,,,,,,
,,,,,,,,,,,,,,,,,
,,,,,,,,,,,,,,,,,
,,,,,,,,,,,,,,,,,
,,,,,,,,,,,,,,,,,
,,,,,,,,,,,,,,,,,
,,,,,,,,,,,,,,,,,
,,,,,,,,,,,,,,,,,
,,,,,,,,,,,,,,,,,
,,,,,,,,,,,,,,,,,
,,,,,,,,,,,,,,,,,
,,,,,,,,,,,,,,,,,
,,,,,,,,,,,,,,,,,
,,,,,,,,,,,,,,,,,
,,,,,,,,,,,,,,,,,
,,,,,,,,,,,,,,,,,
,,,,,,,,,,,,,,,,,
,,,,,,,,,,,,,,,,,
,,,,,,,,,,,,,,,,,
,,,,,,,,,,,,,,,,,
,,,,,,,,,,,,,,,,,
,,,,,,,,,,,,,,,,,
,,,,,,,,,,,,,,,,,
,,,,,,,,,,,,,,,,,
,,,,,,,,,,,,,,,,,
,,,,,,,,,,,,,,,,,
,,,,,,,,,,,,,,,,,
,,,,,,,,,,,,,,,,,
,,,,,,,,,,,,,,,,,
,,,,,,,,,,,,,,,,,
,,,,,,,,,,,,,,,,,
,,,,,,,,,,,,,,,,,
,,,,,,,,,,,,,,,,,
,,,,,,,,,,,,,,,,,
,,,,,,,,,,,,,,,,,
,,,,,,,,,,,,,,,,,
,,,,,,,,,,,,,,,,,
,,,,,,,,,,,,,,,,,
,,,,,,,,,,,,,,,,,
,,,,,,,,,,,,,,,,,
,,,,,,,,,,,,,,,,,
,,,,,,,,,,,,,,,,,
,,,,,,,,,,,,,,,,,
,,,,,,,,,,,,,,,,,
,,,,,,,,,,,,,,,,,
,,,,,,,,,,,,,,,,,
,,,,,,,,,,,,,,,,,
,,,,,,,,,,,,,,,,,
,,,,,,,,,,,,,,,,,
,,,,,,,,,,,,,,,,,
,,,,,,,,,,,,,,,,,
,,,,,,,,,,,,,,,,,
,,,,,,,,,,,,,,,,,
,,,,,,,,,,,,,,,,,
,,,,,,,,,,,,,,,,,
,,,,,,,,,,,,,,,,,
,,,,,,,,,,,,,,,,,
,,,,,,,,,,,,,,,,,
,,,,,,,,,,,,,,,,,
,,,,,,,,,,,,,,,,,
,,,,,,,,,,,,,,,,,
,,,,,,,,,,,,,,,,,
,,,,,,,,,,,,,,,,,
,,,,,,,,,,,,,,,,,
,,,,,,,,,,,,,,,,,
,,,,,,,,,,,,,,,,,
,,,,,,,,,,,,,,,,,
,,,,,,,,,,,,,,,,,
,,,,,,,,,,,,,,,,,
,,,,,,,,,,,,,,,,,
,,,,,,,,,,,,,,,,,
,,,,,,,,,,,,,,,,,
,,,,,,,,,,,,,,,,,
,,,,,,,,,,,,,,,,,
,,,,,,,,,,,,,,,,,
,,,,,,,,,,,,,,,,,
,,,,,,,,,,,,,,,,,
,,,,,,,,,,,,,,,,,
,,,,,,,,,,,,,,,,,
,,,,,,,,,,,,,,,,,
,,,,,,,,,,,,,,,,,
,,,,,,,,,,,,,,,,,
,,,,,,,,,,,,,,,,,
,,,,,,,,,,,,,,,,,
,,,,,,,,,,,,,,,,,
,,,,,,,,,,,,,,,,,
,,,,,,,,,,,,,,,,,
,,,,,,,,,,,,,,,,,
,,,,,,,,,,,,,,,,,
,,,,,,,,,,,,,,,,,
,,,,,,,,,,,,,,,,,
,,,,,,,,,,,,,,,,,
,,,,,,,,,,,,,,,,,
,,,,,,,,,,,,,,,,,
,,,,,,,,,,,,,,,,,
,,,,,,,,,,,,,,,,,
,,,,,,,,,,,,,,,,,
,,,,,,,,,,,,,,,,,
,,,,,,,,,,,,,,,,,
,,,,,,,,,,,,,,,,,
,,,,,,,,,,,,,,,,,
,,,,,,,,,,,,,,,,,
,,,,,,,,,,,,,,,,,
,,,,,,,,,,,,,,,,,
,,,,,,,,,,,,,,,,,
,,,,,,,,,,,,,,,,,
,,,,,,,,,,,,,,,,,
,,,,,,,,,,,,,,,,,
,,,,,,,,,,,,,,,,,
,,,,,,,,,,,,,,,,,
,,,,,,,,,,,,,,,,,
,,,,,,,,,,,,,,,,,
,,,,,,,,,,,,,,,,,
,,,,,,,,,,,,,,,,,
,,,,,,,,,,,,,,,,,
,,,,,,,,,,,,,,,,,
,,,,,,,,,,,,,,,,,
,,,,,,,,,,,,,,,,,
,,,,,,,,,,,,,,,,,
,,,,,,,,,,,,,,,,,
,,,,,,,,,,,,,,,,,
,,,,,,,,,,,,,,,,,
,,,,,,,,,,,,,,,,,
,,,,,,,,,,,,,,,,,
,,,,,,,,,,,,,,,,,
,,,,,,,,,,,,,,,,,
,,,,,,,,,,,,,,,,,
,,,,,,,,,,,,,,,,,
,,,,,,,,,,,,,,,,,
,,,,,,,,,,,,,,,,,
,,,,,,,,,,,,,,,,,
,,,,,,,,,,,,,,,,,
,,,,,,,,,,,,,,,,,
,,,,,,,,,,,,,,,,,
,,,,,,,,,,,,,,,,,
,,,,,,,,,,,,,,,,,
,,,,,,,,,,,,,,,,,
,,,,,,,,,,,,,,,,,
,,,,,,,,,,,,,,,,,
,,,,,,,,,,,,,,,,,
,,,,,,,,,,,,,,,,,
,,,,,,,,,,,,,,,,,
,,,,,,,,,,,,,,,,,
,,,,,,,,,,,,,,,,,
,,,,,,,,,,,,,,,,,
,,,,,,,,,,,,,,,,,
,,,,,,,,,,,,,,,,,
,,,,,,,,,,,,,,,,,
,,,,,,,,,,,,,,,,,
,,,,,,,,,,,,,,,,,
,,,,,,,,,,,,,,,,,
,,,,,,,,,,,,,,,,,
,,,,,,,,,,,,,,,,,
,,,,,,,,,,,,,,,,,
,,,,,,,,,,,,,,,,,
,,,,,,,,,,,,,,,,,
,,,,,,,,,,,,,,,,,
,,,,,,,,,,,,,,,,,
,,,,,,,,,,,,,,,,,
,,,,,,,,,,,,,,,,,
,,,,,,,,,,,,,,,,,
,,,,,,,,,,,,,,,,,
,,,,,,,,,,,,,,,,,
,,,,,,,,,,,,,,,,,
,,,,,,,,,,,,,,,,,
,,,,,,,,,,,,,,,,,
,,,,,,,,,,,,,,,,,
,,,,,,,,,,,,,,,,,
,,,,,,,,,,,,,,,,,
,,,,,,,,,,,,,,,,,
,,,,,,,,,,,,,,,,,
,,,,,,,,,,,,,,,,,
,,,,,,,,,,,,,,,,,
,,,,,,,,,,,,,,,,,
,,,,,,,,,,,,,,,,,
,,,,,,,,,,,,,,,,,
,,,,,,,,,,,,,,,,,
,,,,,,,,,,,,,,,,,
,,,,,,,,,,,,,,,,,
,,,,,,,,,,,,,,,,,
,,,,,,,,,,,,,,,,,
,,,,,,,,,,,,,,,,,
,,,,,,,,,,,,,,,,,
,,,,,,,,,,,,,,,,,
,,,,,,,,,,,,,,,,,
,,,,,,,,,,,,,,,,,
,,,,,,,,,,,,,,,,,
,,,,,,,,,,,,,,,,,
,,,,,,,,,,,,,,,,,
,,,,,,,,,,,,,,,,,
,,,,,,,,,,,,,,,,,
,,,,,,,,,,,,,,,,,
,,,,,,,,,,,,,,,,,
,,,,,,,,,,,,,,,,,
,,,,,,,,,,,,,,,,,
,,,,,,,,,,,,,,,,,
,,,,,,,,,,,,,,,,,
,,,,,,,,,,,,,,,,,
,,,,,,,,,,,,,,,,,
,,,,,,,,,,,,,,,,,
,,,,,,,,,,,,,,,,,
,,,,,,,,,,,,,,,,,
,,,,,,,,,,,,,,,,,
,,,,,,,,,,,,,,,,,
,,,,,,,,,,,,,,,,,
,,,,,,,,,,,,,,,,,
,,,,,,,,,,,,,,,,,
,,,,,,,,,,,,,,,,,
,,,,,,,,,,,,,,,,,
,,,,,,,,,,,,,,,,,
,,,,,,,,,,,,,,,,,
,,,,,,,,,,,,,,,,,
,,,,,,,,,,,,,,,,,
,,,,,,,,,,,,,,,,,
,,,,,,,,,,,,,,,,,
,,,,,,,,,,,,,,,,,
,,,,,,,,,,,,,,,,,
,,,,,,,,,,,,,,,,,
,,,,,,,,,,,,,,,,,
,,,,,,,,,,,,,,,,,
,,,,,,,,,,,,,,,,,
,,,,,,,,,,,,,,,,,
,,,,,,,,,,,,,,,,,
,,,,,,,,,,,,,,,,,
,,,,,,,,,,,,,,,,,
,,,,,,,,,,,,,,,,,
,,,,,,,,,,,,,,,,,
,,,,,,,,,,,,,,,,,
,,,,,,,,,,,,,,,,,
,,,,,,,,,,,,,,,,,
,,,,,,,,,,,,,,,,,
,,,,,,,,,,,,,,,,,
,,,,,,,,,,,,,,,,,
,,,,,,,,,,,,,,,,,
,,,,,,,,,,,,,,,,,
,,,,,,,,,,,,,,,,,
,,,,,,,,,,,,,,,,,
,,,,,,,,,,,,,,,,,
,,,,,,,,,,,,,,,,,
,,,,,,,,,,,,,,,,,
,,,,,,,,,,,,,,,,,
,,,,,,,,,,,,,,,,,
,,,,,,,,,,,,,,,,,
,,,,,,,,,,,,,,,,,
,,,,,,,,,,,,,,,,,
,,,,,,,,,,,,,,,,,
,,,,,,,,,,,,,,,,,
,,,,,,,,,,,,,,,,,
,,,,,,,,,,,,,,,,,
,,,,,,,,,,,,,,,,,
,,,,,,,,,,,,,,,,,
,,,,,,,,,,,,,,,,,
,,,,,,,,,,,,,,,,,
,,,,,,,,,,,,,,,,,
,,,,,,,,,,,,,,,,,
,,,,,,,,,,,,,,,,,
,,,,,,,,,,,,,,,,,
,,,,,,,,,,,,,,,,,
,,,,,,,,,,,,,,,,,
,,,,,,,,,,,,,,,,,
,,,,,,,,,,,,,,,,,
,,,,,,,,,,,,,,,,,
,,,,,,,,,,,,,,,,,
,,,,,,,,,,,,,,,,,
,,,,,,,,,,,,,,,,,
,,,,,,,,,,,,,,,,,
,,,,,,,,,,,,,,,,,
,,,,,,,,,,,,,,,,,
,,,,,,,,,,,,,,,,,
,,,,,,,,,,,,,,,,,
,,,,,,,,,,,,,,,,,
,,,,,,,,,,,,,,,,,
,,,,,,,,,,,,,,,,,
,,,,,,,,,,,,,,,,,
,,,,,,,,,,,,,,,,,
,,,,,,,,,,,,,,,,,
,,,,,,,,,,,,,,,,,
,,,,,,,,,,,,,,,,,
,,,,,,,,,,,,,,,,,
,,,,,,,,,,,,,,,,,
,,,,,,,,,,,,,,,,,
,,,,,,,,,,,,,,,,,
,,,,,,,,,,,,,,,,,
,,,,,,,,,,,,,,,,,
,,,,,,,,,,,,,,,,,
,,,,,,,,,,,,,,,,,
,,,,,,,,,,,,,,,,,
,,,,,,,,,,,,,,,,,
,,,,,,,,,,,,,,,,,
,,,,,,,,,,,,,,,,,
,,,,,,,,,,,,,,,,,
,,,,,,,,,,,,,,,,,
,,,,,,,,,,,,,,,,,
,,,,,,,,,,,,,,,,,
,,,,,,,,,,,,,,,,,
,,,,,,,,,,,,,,,,,
,,,,,,,,,,,,,,,,,
,,,,,,,,,,,,,,,,,
,,,,,,,,,,,,,,,,,
,,,,,,,,,,,,,,,,,
,,,,,,,,,,,,,,,,,
,,,,,,,,,,,,,,,,,
,,,,,,,,,,,,,,,,,
,,,,,,,,,,,,,,,,,
,,,,,,,,,,,,,,,,,
,,,,,,,,,,,,,,,,,
,,,,,,,,,,,,,,,,,
,,,,,,,,,,,,,,,,,
,,,,,,,,,,,,,,,,,
,,,,,,,,,,,,,,,,,
,,,,,,,,,,,,,,,,,
,,,,,,,,,,,,,,,,,
,,,,,,,,,,,,,,,,,
,,,,,,,,,,,,,,,,,
,,,,,,,,,,,,,,,,,
,,,,,,,,,,,,,,,,,
,,,,,,,,,,,,,,,,,
,,,,,,,,,,,,,,,,,
,,,,,,,,,,,,,,,,,
,,,,,,,,,,,,,,,,,
,,,,,,,,,,,,,,,,,
,,,,,,,,,,,,,,,,,
,,,,,,,,,,,,,,,,,
,,,,,,,,,,,,,,,,,
,,,,,,,,,,,,,,,,,
,,,,,,,,,,,,,,,,,
,,,,,,,,,,,,,,,,,
,,,,,,,,,,,,,,,,,
,,,,,,,,,,,,,,,,,
,,,,,,,,,,,,,,,,,
,,,,,,,,,,,,,,,,,
,,,,,,,,,,,,,,,,,
,,,,,,,,,,,,,,,,,
,,,,,,,,,,,,,,,,,
,,,,,,,,,,,,,,,,,
,,,,,,,,,,,,,,,,,
,,,,,,,,,,,,,,,,,
,,,,,,,,,,,,,,,,,
,,,,,,,,,,,,,,,,,
,,,,,,,,,,,,,,,,,
,,,,,,,,,,,,,,,,,
,,,,,,,,,,,,,,,,,
,,,,,,,,,,,,,,,,,
,,,,,,,,,,,,,,,,,
,,,,,,,,,,,,,,,,,
,,,,,,,,,,,,,,,,,
,,,,,,,,,,,,,,,,,
,,,,,,,,,,,,,,,,,
,,,,,,,,,,,,,,,,,
,,,,,,,,,,,,,,,,,
,,,,,,,,,,,,,,,,,
,,,,,,,,,,,,,,,,,
,,,,,,,,,,,,,,,,,
,,,,,,,,,,,,,,,,,
,,,,,,,,,,,,,,,,,
,,,,,,,,,,,,,,,,,
,,,,,,,,,,,,,,,,,
,,,,,,,,,,,,,,,,,
,,,,,,,,,,,,,,,,,
,,,,,,,,,,,,,,,,,
,,,,,,,,,,,,,,,,,
,,,,,,,,,,,,,,,,,
,,,,,,,,,,,,,,,,,
,,,,,,,,,,,,,,,,,
,,,,,,,,,,,,,,,,,
,,,,,,,,,,,,,,,,,
,,,,,,,,,,,,,,,,,
,,,,,,,,,,,,,,,,,
,,,,,,,,,,,,,,,,,
,,,,,,,,,,,,,,,,,
,,,,,,,,,,,,,,,,,
,,,,,,,,,,,,,,,,,
,,,,,,,,,,,,,,,,,
,,,,,,,,,,,,,,,,,
,,,,,,,,,,,,,,,,,
,,,,,,,,,,,,,,,,,
,,,,,,,,,,,,,,,,,
,,,,,,,,,,,,,,,,,
,,,,,,,,,,,,,,,,,
,,,,,,,,,,,,,,,,,
,,,,,,,,,,,,,,,,,
,,,,,,,,,,,,,,,,,
,,,,,,,,,,,,,,,,,
,,,,,,,,,,,,,,,,,
,,,,,,,,,,,,,,,,,
,,,,,,,,,,,,,,,,,
,,,,,,,,,,,,,,,,,
,,,,,,,,,,,,,,,,,
,,,,,,,,,,,,,,,,,
,,,,,,,,,,,,,,,,,
,,,,,,,,,,,,,,,,,
,,,,,,,,,,,,,,,,,
,,,,,,,,,,,,,,,,,
,,,,,,,,,,,,,,,,,
,,,,,,,,,,,,,,,,,
,,,,,,,,,,,,,,,,,
,,,,,,,,,,,,,,,,,
,,,,,,,,,,,,,,,,,
,,,,,,,,,,,,,,,,,
,,,,,,,,,,,,,,,,,
,,,,,,,,,,,,,,,,,
,,,,,,,,,,,,,,,,,
,,,,,,,,,,,,,,,,,
,,,,,,,,,,,,,,,,,
,,,,,,,,,,,,,,,,,
,,,,,,,,,,,,,,,,,
,,,,,,,,,,,,,,,,,
,,,,,,,,,,,,,,,,,
,,,,,,,,,,,,,,,,,
,,,,,,,,,,,,,,,,,
,,,,,,,,,,,,,,,,,
,,,,,,,,,,,,,,,,,
,,,,,,,,,,,,,,,,,
,,,,,,,,,,,,,,,,,
,,,,,,,,,,,,,,,,,
,,,,,,,,,,,,,,,,,
,,,,,,,,,,,,,,,,,
,,,,,,,,,,,,,,,,,
,,,,,,,,,,,,,,,,,
,,,,,,,,,,,,,,,,,
,,,,,,,,,,,,,,,,,
,,,,,,,,,,,,,,,,,
,,,,,,,,,,,,,,,,,
,,,,,,,,,,,,,,,,,
,,,,,,,,,,,,,,,,,
,,,,,,,,,,,,,,,,,
,,,,,,,,,,,,,,,,,
,,,,,,,,,,,,,,,,,
,,,,,,,,,,,,,,,,,
,,,,,,,,,,,,,,,,,
,,,,,,,,,,,,,,,,,
,,,,,,,,,,,,,,,,,
,,,,,,,,,,,,,,,,,
,,,,,,,,,,,,,,,,,
,,,,,,,,,,,,,,,,,
,,,,,,,,,,,,,,,,,
,,,,,,,,,,,,,,,,,
,,,,,,,,,,,,,,,,,
,,,,,,,,,,,,,,,,,
,,,,,,,,,,,,,,,,,
,,,,,,,,,,,,,,,,,
,,,,,,,,,,,,,,,,,
,,,,,,,,,,,,,,,,,
,,,,,,,,,,,,,,,,,
,,,,,,,,,,,,,,,,,
,,,,,,,,,,,,,,,,,
,,,,,,,,,,,,,,,,,
,,,,,,,,,,,,,,,,,
,,,,,,,,,,,,,,,,,
,,,,,,,,,,,,,,,,,
,,,,,,,,,,,,,,,,,
,,,,,,,,,,,,,,,,,
,,,,,,,,,,,,,,,,,
,,,,,,,,,,,,,,,,,
,,,,,,,,,,,,,,,,,
,,,,,,,,,,,,,,,,,
,,,,,,,,,,,,,,,,,
,,,,,,,,,,,,,,,,,
,,,,,,,,,,,,,,,,,
,,,,,,,,,,,,,,,,,
,,,,,,,,,,,,,,,,,
,,,,,,,,,,,,,,,,,
,,,,,,,,,,,,,,,,,
,,,,,,,,,,,,,,,,,
,,,,,,,,,,,,,,,,,
,,,,,,,,,,,,,,,,,
,,,,,,,,,,,,,,,,,
,,,,,,,,,,,,,,,,,
,,,,,,,,,,,,,,,,,
,,,,,,,,,,,,,,,,,
,,,,,,,,,,,,,,,,,
,,,,,,,,,,,,,,,,,
,,,,,,,,,,,,,,,,,
,,,,,,,,,,,,,,,,,
,,,,,,,,,,,,,,,,,
,,,,,,,,,,,,,,,,,
,,,,,,,,,,,,,,,,,
,,,,,,,,,,,,,,,,,
,,,,,,,,,,,,,,,,,
,,,,,,,,,,,,,,,,,
,,,,,,,,,,,,,,,,,
,,,,,,,,,,,,,,,,,
,,,,,,,,,,,,,,,,,
,,,,,,,,,,,,,,,,,
,,,,,,,,,,,,,,,,,
,,,,,,,,,,,,,,,,,
,,,,,,,,,,,,,,,,,
,,,,,,,,,,,,,,,,,
,,,,,,,,,,,,,,,,,
,,,,,,,,,,,,,,,,,
,,,,,,,,,,,,,,,,,
,,,,,,,,,,,,,,,,,
,,,,,,,,,,,,,,,,,
,,,,,,,,,,,,,,,,,
,,,,,,,,,,,,,,,,,
,,,,,,,,,,,,,,,,,
,,,,,,,,,,,,,,,,,
,,,,,,,,,,,,,,,,,
,,,,,,,,,,,,,,,,,
,,,,,,,,,,,,,,,,,
,,,,,,,,,,,,,,,,,
,,,,,,,,,,,,,,,,,
,,,,,,,,,,,,,,,,,
,,,,,,,,,,,,,,,,,
,,,,,,,,,,,,,,,,,
,,,,,,,,,,,,,,,,,
,,,,,,,,,,,,,,,,,
,,,,,,,,,,,,,,,,,
,,,,,,,,,,,,,,,,,
,,,,,,,,,,,,,,,,,
,,,,,,,,,,,,,,,,,
,,,,,,,,,,,,,,,,,
,,,,,,,,,,,,,,,,,
,,,,,,,,,,,,,,,,,
,,,,,,,,,,,,,,,,,
,,,,,,,,,,,,,,,,,
,,,,,,,,,,,,,,,,,
,,,,,,,,,,,,,,,,,
,,,,,,,,,,,,,,,,,
,,,,,,,,,,,,,,,,,
,,,,,,,,,,,,,,,,,
,,,,,,,,,,,,,,,,,
,,,,,,,,,,,,,,,,,
,,,,,,,,,,,,,,,,,
,,,,,,,,,,,,,,,,,
,,,,,,,,,,,,,,,,,
,,,,,,,,,,,,,,,,,
,,,,,,,,,,,,,,,,,
,,,,,,,,,,,,,,,,,
,,,,,,,,,,,,,,,,,
,,,,,,,,,,,,,,,,,
,,,,,,,,,,,,,,,,,
,,,,,,,,,,,,,,,,,
,,,,,,,,,,,,,,,,,
,,,,,,,,,,,,,,,,,
,,,,,,,,,,,,,,,,,
,,,,,,,,,,,,,,,,,
,,,,,,,,,,,,,,,,,
,,,,,,,,,,,,,,,,,
,,,,,,,,,,,,,,,,,
,,,,,,,,,,,,,,,,,
,,,,,,,,,,,,,,,,,
,,,,,,,,,,,,,,,,,
,,,,,,,,,,,,,,,,,
,,,,,,,,,,,,,,,,,
,,,,,,,,,,,,,,,,,
,,,,,,,,,,,,,,,,,
,,,,,,,,,,,,,,,,,
,,,,,,,,,,,,,,,,,
,,,,,,,,,,,,,,,,,
,,,,,,,,,,,,,,,,,
,,,,,,,,,,,,,,,,,
,,,,,,,,,,,,,,,,,
,,,,,,,,,,,,,,,,,
,,,,,,,,,,,,,,,,,
,,,,,,,,,,,,,,,,,
,,,,,,,,,,,,,,,,,
,,,,,,,,,,,,,,,,,
,,,,,,,,,,,,,,,,,
,,,,,,,,,,,,,,,,,
,,,,,,,,,,,,,,,,,
,,,,,,,,,,,,,,,,,
,,,,,,,,,,,,,,,,,
,,,,,,,,,,,,,,,,,
,,,,,,,,,,,,,,,,,
,,,,,,,,,,,,,,,,,
,,,,,,,,,,,,,,,,,
,,,,,,,,,,,,,,,,,
,,,,,,,,,,,,,,,,,
,,,,,,,,,,,,,,,,,
,,,,,,,,,,,,,,,,,
,,,,,,,,,,,,,,,,,
,,,,,,,,,,,,,,,,,
,,,,,,,,,,,,,,,,,
,,,,,,,,,,,,,,,,,
,,,,,,,,,,,,,,,,,
,,,,,,,,,,,,,,,,,
,,,,,,,,,,,,,,,,,
,,,,,,,,,,,,,,,,,
,,,,,,,,,,,,,,,,,
,,,,,,,,,,,,,,,,,
,,,,,,,,,,,,,,,,,
,,,,,,,,,,,,,,,,,
,,,,,,,,,,,,,,,,,
,,,,,,,,,,,,,,,,,
,,,,,,,,,,,,,,,,,
,,,,,,,,,,,,,,,,,
,,,,,,,,,,,,,,,,,
,,,,,,,,,,,,,,,,,
,,,,,,,,,,,,,,,,,
,,,,,,,,,,,,,,,,,
,,,,,,,,,,,,,,,,,
,,,,,,,,,,,,,,,,,
,,,,,,,,,,,,,,,,,
,,,,,,,,,,,,,,,,,
,,,,,,,,,,,,,,,,,
,,,,,,,,,,,,,,,,,
,,,,,,,,,,,,,,,,,
,,,,,,,,,,,,,,,,,
,,,,,,,,,,,,,,,,,
,,,,,,,,,,,,,,,,,
,,,,,,,,,,,,,,,,,
,,,,,,,,,,,,,,,,,
,,,,,,,,,,,,,,,,,
,,,,,,,,,,,,,,,,,
,,,,,,,,,,,,,,,,,
,,,,,,,,,,,,,,,,,
,,,,,,,,,,,,,,,,,
,,,,,,,,,,,,,,,,,
,,,,,,,,,,,,,,,,,
,,,,,,,,,,,,,,,,,
,,,,,,,,,,,,,,,,,
,,,,,,,,,,,,,,,,,
,,,,,,,,,,,,,,,,,
,,,,,,,,,,,,,,,,,
,,,,,,,,,,,,,,,,,
,,,,,,,,,,,,,,,,,
,,,,,,,,,,,,,,,,,
,,,,,,,,,,,,,,,,,
,,,,,,,,,,,,,,,,,
,,,,,,,,,,,,,,,,,
,,,,,,,,,,,,,,,,,
,,,,,,,,,,,,,,,,,
,,,,,,,,,,,,,,,,,
,,,,,,,,,,,,,,,,,
,,,,,,,,,,,,,,,,,
,,,,,,,,,,,,,,,,,
,,,,,,,,,,,,,,,,,
,,,,,,,,,,,,,,,,,
,,,,,,,,,,,,,,,,,
,,,,,,,,,,,,,,,,,
,,,,,,,,,,,,,,,,,
,,,,,,,,,,,,,,,,,
,,,,,,,,,,,,,,,,,
,,,,,,,,,,,,,,,,,
,,,,,,,,,,,,,,,,,
,,,,,,,,,,,,,,,,,
,,,,,,,,,,,,,,,,,
,,,,,,,,,,,,,,,,,
,,,,,,,,,,,,,,,,,
,,,,,,,,,,,,,,,,,
,,,,,,,,,,,,,,,,,
,,,,,,,,,,,,,,,,,
,,,,,,,,,,,,,,,,,
,,,,,,,,,,,,,,,,,
,,,,,,,,,,,,,,,,,
,,,,,,,,,,,,,,,,,
,,,,,,,,,,,,,,,,,
,,,,,,,,,,,,,,,,,
,,,,,,,,,,,,,,,,,
,,,,,,,,,,,,,,,,,
,,,,,,,,,,,,,,,,,
,,,,,,,,,,,,,,,,,
,,,,,,,,,,,,,,,,,
,,,,,,,,,,,,,,,,,
,,,,,,,,,,,,,,,,,
,,,,,,,,,,,,,,,,,
,,,,,,,,,,,,,,,,,
,,,,,,,,,,,,,,,,,
,,,,,,,,,,,,,,,,,
,,,,,,,,,,,,,,,,,
,,,,,,,,,,,,,,,,,
,,,,,,,,,,,,,,,,,
,,,,,,,,,,,,,,,,,
,,,,,,,,,,,,,,,,,
,,,,,,,,,,,,,,,,,
,,,,,,,,,,,,,,,,,
,,,,,,,,,,,,,,,,,
,,,,,,,,,,,,,,,,,
,,,,,,,,,,,,,,,,,
,,,,,,,,,,,,,,,,,
,,,,,,,,,,,,,,,,,
,,,,,,,,,,,,,,,,,
,,,,,,,,,,,,,,,,,
,,,,,,,,,,,,,,,,,
,,,,,,,,,,,,,,,,,
,,,,,,,,,,,,,,,,,
,,,,,,,,,,,,,,,,,
,,,,,,,,,,,,,,,,,
,,,,,,,,,,,,,,,,,
,,,,,,,,,,,,,,,,,
,,,,,,,,,,,,,,,,,
,,,,,,,,,,,,,,,,,
,,,,,,,,,,,,,,,,,
,,,,,,,,,,,,,,,,,
,,,,,,,,,,,,,,,,,
,,,,,,,,,,,,,,,,,
,,,,,,,,,,,,,,,,,
,,,,,,,,,,,,,,,,,
,,,,,,,,,,,,,,,,,
,,,,,,,,,,,,,,,,,
,,,,,,,,,,,,,,,,,
,,,,,,,,,,,,,,,,,
,,,,,,,,,,,,,,,,,
,,,,,,,,,,,,,,,,,
,,,,,,,,,,,,,,,,,
,,,,,,,,,,,,,,,,,
,,,,,,,,,,,,,,,,,
,,,,,,,,,,,,,,,,,
,,,,,,,,,,,,,,,,,
,,,,,,,,,,,,,,,,,
,,,,,,,,,,,,,,,,,
,,,,,,,,,,,,,,,,,
,,,,,,,,,,,,,,,,,
,,,,,,,,,,,,,,,,,
,,,,,,,,,,,,,,,,,
,,,,,,,,,,,,,,,,,
,,,,,,,,,,,,,,,,,
,,,,,,,,,,,,,,,,,
,,,,,,,,,,,,,,,,,
,,,,,,,,,,,,,,,,,
,,,,,,,,,,,,,,,,,
,,,,,,,,,,,,,,,,,
,,,,,,,,,,,,,,,,,
,,,,,,,,,,,,,,,,,
,,,,,,,,,,,,,,,,,
,,,,,,,,,,,,,,,,,
,,,,,,,,,,,,,,,,,
,,,,,,,,,,,,,,,,,
,,,,,,,,,,,,,,,,,
,,,,,,,,,,,,,,,,,
,,,,,,,,,,,,,,,,,
,,,,,,,,,,,,,,,,,
,,,,,,,,,,,,,,,,,
,,,,,,,,,,,,,,,,,
,,,,,,,,,,,,,,,,,
,,,,,,,,,,,,,,,,,
,,,,,,,,,,,,,,,,,
,,,,,,,,,,,,,,,,,
,,,,,,,,,,,,,,,,,
,,,,,,,,,,,,,,,,,
,,,,,,,,,,,,,,,,,
,,,,,,,,,,,,,,,,,
,,,,,,,,,,,,,,,,,
,,,,,,,,,,,,,,,,,
,,,,,,,,,,,,,,,,,
,,,,,,,,,,,,,,,,,
,,,,,,,,,,,,,,,,,
,,,,,,,,,,,,,,,,,
,,,,,,,,,,,,,,,,,
,,,,,,,,,,,,,,,,,
,,,,,,,,,,,,,,,,,
,,,,,,,,,,,,,,,,,
,,,,,,,,,,,,,,,,,
,,,,,,,,,,,,,,,,,
,,,,,,,,,,,,,,,,,
,,,,,,,,,,,,,,,,,
,,,,,,,,,,,,,,,,,
,,,,,,,,,,,,,,,,,
,,,,,,,,,,,,,,,,,
,,,,,,,,,,,,,,,,,
,,,,,,,,,,,,,,,,,
,,,,,,,,,,,,,,,,,
,,,,,,,,,,,,,,,,,
,,,,,,,,,,,,,,,,,
,,,,,,,,,,,,,,,,,
,,,,,,,,,,,,,,,,,
,,,,,,,,,,,,,,,,,
,,,,,,,,,,,,,,,,,
,,,,,,,,,,,,,,,,,
,,,,,,,,,,,,,,,,,
,,,,,,,,,,,,,,,,,
,,,,,,,,,,,,,,,,,
,,,,,,,,,,,,,,,,,
,,,,,,,,,,,,,,,,,
,,,,,,,,,,,,,,,,,
,,,,,,,,,,,,,,,,,
,,,,,,,,,,,,,,,,,
,,,,,,,,,,,,,,,,,
,,,,,,,,,,,,,,,,,
,,,,,,,,,,,,,,,,,
,,,,,,,,,,,,,,,,,
,,,,,,,,,,,,,,,,,
,,,,,,,,,,,,,,,,,
,,,,,,,,,,,,,,,,,
,,,,,,,,,,,,,,,,,
,,,,,,,,,,,,,,,,,
,,,,,,,,,,,,,,,,,
,,,,,,,,,,,,,,,,,
,,,,,,,,,,,,,,,,,
,,,,,,,,,,,,,,,,,
,,,,,,,,,,,,,,,,,
,,,,,,,,,,,,,,,,,
,,,,,,,,,,,,,,,,,
,,,,,,,,,,,,,,,,,
,,,,,,,,,,,,,,,,,
,,,,,,,,,,,,,,,,,
,,,,,,,,,,,,,,,,,
,,,,,,,,,,,,,,,,,
,,,,,,,,,,,,,,,,,
,,,,,,,,,,,,,,,,,
,,,,,,,,,,,,,,,,,
,,,,,,,,,,,,,,,,,
,,,,,,,,,,,,,,,,,
,,,,,,,,,,,,,,,,,
,,,,,,,,,,,,,,,,,
,,,,,,,,,,,,,,,,,
,,,,,,,,,,,,,,,,,
,,,,,,,,,,,,,,,,,